{"stats":{"minecraft:dropped":{"siegemachines:siege_ladder":3,"minecraft:lantern":1,"minecraft:black_stained_glass_pane":1,"minecraft:cornflower":1,"minecraft:chain":2,"born_in_chaos_v1:trident_hayfork":1,"minecraft:bone_meal":1,"irons_spellbooks:invisibility_ring":1,"minecraft:bone":1,"twilightforest:cooked_venison":1,"minecraft:netherite_sword":1,"minecraft:rotten_flesh":2,"twilightforest:hollow_time_log":1,"justenoughdrugz:cocaine_baggie":192,"iceandfire:chain":1,"minecraft:deepslate_tiles":1,"supplementaries:item_shelf":1,"minecraft:stone_brick_wall":1,"minecraft:spruce_wood":1,"minecraft:spruce_slab":2,"minecraft:iron_bars":1,"supplementaries:blackstone_tile_slab":1,"minecraft:water_bucket":1,"born_in_chaos_v1:scorched_planks_fence":1,"justenoughdrugz:percs_pill_bottle":4,"minecraft:jungle_wood":1,"minecraft:piglin_head":1,"justenoughdrugz:heroin_syringe":321,"twilightforest:canopy_fence":1,"minecraft:coal_block":1,"minecraft:lava_bucket":1,"minecraft:torch":1,"minecraft:smooth_quartz_slab":1,"twilightforest:canopy_planks":1,"minecraft:jungle_leaves":1,"minecraft:mud":1,"minecraft:smooth_sandstone":1,"twilightforest:glass_sword":1,"minecraft:anvil":1,"minecraft:cobblestone_wall":1,"minecraft:dirt_path":1,"orcz:orc_wood_fence":1,"minecraft:spruce_fence":1,"justenoughdrugz:lean":8,"minecraft:black_concrete_powder":1,"iceandfire:silver_ingot":14,"minecraft:blue_ice":1,"minecraft:golden_leggings":1,"twilightforest:canopy_trapdoor":1,"orcz:orc_wood_slab":1,"minecraft:stripped_spruce_wood":1,"supplementaries:stone_tile_slab":1},"minecraft:picked_up":{"fantasyfurniture:bone/wither/carpet":1,"minecraft:anvil":1,"justenoughdrugz:percs_pill_bottle":5,"justenoughdrugz:lean":24,"farmersdelight:cutting_board":1,"minecraft:written_book":2,"minecraft:coal_block":1,"twilightforest:cooked_venison":1,"minecraft:rotten_flesh":2,"fantasyfurniture:nordic/carpet":3,"minecraft:iron_bars":1,"tombstone:easter_egg":2,"orcz:orcteeth":5,"minecraft:water_bucket":1,"minecraft:golden_leggings":1,"supplementaries:item_shelf":2,"orcz:bedroll":1,"farmersdelight:chicken_sandwich":1,"minecraft:lantern":1,"minecraft:bone":3,"twilightforest:canopy_door":1,"minecraft:orange_tulip":19,"minecraft:wheat_seeds":2,"supplementaries:blackstone_tile_slab":1,"minecraft:dark_oak_sign":5,"minecraft:black_stained_glass_pane":1,"minecraft:dark_oak_log":12,"orcz:orc_wood_fence":1,"minecraft:black_concrete_powder":1,"twilightforest:canopy_planks":1,"minecraft:soul_lantern":1,"born_in_chaos_v1:scorched_planks_fence":1,"iceandfire:dragon_ice":5,"minecraft:blue_ice":1,"minecraft:mud":1,"supplementaries:stone_tile_slab":1,"iceandfire:chain":3,"minecraft:stone_brick_wall":1,"minecraft:chain":2,"minecraft:cornflower":1,"twilightforest:hollow_time_log":1,"minecraft:netherite_sword":1,"twilightforest:iron_ladder":4,"minecraft:spruce_slab":1,"minecraft:egg":2,"twilightforest:canopy_fence":1,"minecraft:spruce_fence":1,"justenoughdrugz:cocaine_baggie":554,"iceandfire:silver_ingot":14,"born_in_chaos_v1:trident_hayfork":1,"justenoughdrugz:heroin_syringe":747,"farmersdelight:salmon_slice":6,"minecraft:cobblestone_wall":1,"minecraft:piglin_head":2,"minecraft:spruce_wood":1,"minecraft:lava_bucket":1,"farmersdelight:cabbage_leaf":1,"dramaticdoors:tall_iron_door":1,"siegemachines:siege_ladder":3,"minecraft:smooth_quartz_slab":1,"minecraft:coal":192,"minecraft:sunflower":4},"minecraft:custom":{"minecraft:open_barrel":3,"minecraft:leave_game":40,"minecraft:time_since_death":2348324,"minecraft:sprint_one_cm":939433,"minecraft:drop":74,"minecraft:play_time":2348324,"minecraft:jump":4711,"minecraft:walk_on_water_one_cm":148191,"minecraft:interact_with_furnace":1,"minecraft:interact_with_loom":3,"minecraft:damage_dealt":24488,"minecraft:crouch_one_cm":106368,"tombstone:undead_killed":11,"minecraft:interact_with_smoker":10,"minecraft:interact_with_anvil":4,"minecraft:mob_kills":80,"minecraft:damage_dealt_resisted":18763,"minecraft:climb_one_cm":15374,"minecraft:walk_one_cm":1206383,"minecraft:sneak_time":188732,"minecraft:walk_under_water_one_cm":47648,"minecraft:boat_one_cm":4631,"minecraft:interact_with_lectern":10,"minecraft:interact_with_blast_furnace":1,"minecraft:total_world_time":2348324,"minecraft:time_since_rest":2348324,"minecraft:damage_taken":570,"minecraft:swim_one_cm":5721,"minecraft:fly_one_cm":35225515,"minecraft:open_chest":4,"minecraft:fall_one_cm":7585},"minecraft:used":{"minecraft:moss_block":36,"minecraft:light_blue_stained_glass_pane":16,"twilightforest:canopy_stairs":327,"minecraft:polished_deepslate":7,"minecraft:chiseled_deepslate":4,"minecraft:melon":4,"minecraft:smooth_quartz_slab":25,"minecraft:spruce_slab":1223,"minecraft:ladder":7,"minecraft:oak_sign":37,"minecraft:decorated_pot":6,"farmersdelight:stove":2,"minecraft:chest":1,"minecraft:stone":140,"iceandfire:dragonscale_black":15,"supplementaries:blackstone_tile_stairs":922,"minecraft:mossy_stone_brick_slab":65,"minecraft:spruce_leaves":65,"minecraft:debug_stick":42,"born_in_chaos_v1:scorched_planks_stairs":53,"cataclysm:obsidian_brick_wall":22,"tombstone:dark_marble_wall":2,"minecraft:deepslate_tile_slab":117,"iceandfire:frozen_stone":169,"minecraft:cracked_deepslate_tiles":1,"minecraft:deepslate_brick_slab":253,"graveyard:dark_iron_trapdoor":18,"minecraft:tuff":24,"minecraft:cyan_wool":48,"iceandfire:chain":3,"minecraft:stripped_spruce_log":36,"fantasyfurniture:decorations/brewing_cauldron":1,"minecraft:packed_ice":223,"minecraft:lava_bucket":14,"minecraft:stripped_dark_oak_wood":282,"fantasyfurniture:nordic/bookshelf":1,"minecraft:jungle_fence_gate":7,"born_in_chaos_v1:cobweb_cover":2,"supplementaries:blackstone_tile":51,"minecraft:spruce_wood":1406,"minecraft:black_stained_glass_pane":188,"minecraft:lantern":184,"minecraft:grass_block":10,"twilightforest:cooked_venison":3,"minecraft:dark_oak_wood":12,"minecraft:dark_oak_slab":993,"fantasyfurniture:dunmer/chair":4,"iceandfire:dragonsteel_fire_sword":71,"minecraft:stone_brick_stairs":1196,"minecraft:stone_bricks":2208,"minecraft:item_frame":3,"minecraft:spruce_hanging_sign":1,"minecraft:reinforced_deepslate":124,"minecraft:red_stained_glass_pane":16,"minecraft:red_carpet":4,"minecraft:red_nether_brick_wall":8,"minecraft:bow":8,"minecraft:snow":13,"minecraft:hay_block":55,"minecraft:written_book":3,"minecraft:mangrove_slab":35,"born_in_chaos_v1:scorched_planks":16,"minecraft:gold_block":822,"twilightforest:canopy_trapdoor":152,"minecraft:pearlescent_froglight":5,"minecraft:brown_concrete_powder":2,"minecraft:large_fern":2,"minecraft:stripped_spruce_wood":492,"minecraft:light_blue_carpet":11,"minecraft:dark_oak_stairs":120,"minecraft:mossy_stone_bricks":35,"minecraft:end_rod":10,"born_in_chaos_v1:scorched_wood":7,"minecraft:spruce_door":5,"minecraft:dark_oak_sign":44,"minecraft:jungle_fence":11,"minecraft:oak_planks":119,"minecraft:mossy_stone_brick_stairs":106,"minecraft:sandstone":1,"minecraft:redstone_block":5,"fantasyfurniture:nordic/wall_light":7,"fantasyfurniture:nordic/carpet":8,"orcz:orc_wood_slab":695,"minecraft:white_wool":52,"iceandfire:frozen_dirt":11,"minecraft:dark_oak_trapdoor":228,"minecraft:sand":488,"minecraft:loom":44,"orcz:orc_wood_fence":2067,"minecraft:light_blue_wool":5,"supplementaries:netherite_trapdoor":68,"minecraft:blue_ice":793,"fantasyfurniture:bone/wither/carpet":35,"securitycraft:reinforced_ladder":8,"minecraft:stone_brick_wall":87,"minecraft:gray_concrete":59,"minecraft:black_concrete_powder":199,"justenoughdrugz:heroin_syringe":2,"minecraft:deepslate_brick_stairs":106,"siegemachines:ballista":2,"deeperdarker:polished_gloomslate":11,"minecraft:deepslate_tiles":69,"orcz:bedroll":7,"twilightforest:dark_trapdoor":13,"minecraft:black_concrete":6,"minecraft:dark_oak_log":66,"minecraft:birch_slab":14,"twilightforest:time_log":1,"securitycraft:reinforced_granite_wall":6,"minecraft:string":48,"minecraft:barrier":242,"minecraft:stone_button":132,"minecraft:spore_blossom":3,"supplementaries:iron_gate":5,"born_in_chaos_v1:black_argillite_brick_wall":311,"twilightforest:piglin_skull_candle":4,"minecraft:deepslate":121,"minecraft:soul_lantern":6,"born_in_chaos_v1:mesh_door":2,"minecraft:coal_block":188,"fantasyfurniture:nordic/bench":13,"twilightforest:canopy_slab":268,"farmersdelight:straw_bale":3,"supplementaries:stone_tile_slab":75,"minecraft:grindstone":14,"minecraft:dark_oak_fence":296,"farmersdelight:spruce_cabinet":5,"minecraft:andesite":15,"minecraft:chain":253,"minecraft:ice":21,"born_in_chaos_v1:scorched_planks_trapdoor":8,"minecraft:bone_meal":66,"twilightforest:transformation_trapdoor":7,"minecraft:cobweb":139,"twilightforest:canopy_planks":30,"minecraft:oak_fence":35,"minecraft:azalea":3,"minecraft:oak_trapdoor":26,"minecraft:netherite_sword":27,"minecraft:iron_bars":349,"minecraft:jungle_leaves":44,"minecraft:polished_blackstone_brick_slab":130,"minecraft:rose_bush":11,"minecraft:cherry_wood":8,"minecraft:dead_tube_coral_block":5,"minecraft:light_gray_carpet":1,"twilightforest:glass_sword":1,"minecraft:spruce_planks":1671,"minecraft:stripped_birch_wood":136,"minecraft:sandstone_wall":10,"farmersdelight:rice_bag":2,"securitycraft:reinforced_red_carpet":1,"twilightforest:hollow_time_log":32,"minecraft:torch":150,"minecraft:dirt":81,"minecraft:anvil":222,"minecraft:ancient_debris":273,"minecraft:white_carpet":1,"born_in_chaos_v1:scorched_planks_fence":298,"farmersdelight:carrot_crate":1,"minecraft:spruce_stairs":1621,"minecraft:cobblestone_wall":656,"deeperdarker:polished_gloomslate_wall":21,"minecraft:stone_stairs":29,"justenoughdrugz:cocaine_baggie":1,"twilightforest:sorting_door":1,"minecraft:spruce_fence":267,"supplementaries:item_shelf":18,"cataclysm:azure_seastone_fence":23,"born_in_chaos_v1:scorched_planks_slab":69,"minecraft:polished_diorite":4,"minecraft:fern":1,"minecraft:andesite_wall":27,"minecraft:dark_oak_planks":23,"minecraft:stone_brick_slab":2460,"supplementaries:stone_tile_wall":219,"minecraft:wooden_axe":5,"twilightforest:iron_ladder":133,"minecraft:oak_stairs":34,"minecraft:iron_block":1312,"minecraft:smooth_sandstone":3,"minecraft:jungle_log":4,"irons_spellbooks:arcane_debris":11,"twilightforest:canopy_fence":5,"minecraft:polished_blackstone_brick_stairs":56,"twilightforest:canopy_door":3,"minecraft:barrel":58,"minecraft:smooth_basalt":548,"minecraft:basalt":231,"minecraft:glowstone":8,"minecraft:emerald_block":1452,"minecraft:iron_trapdoor":43,"fantasyfurniture:nordic/chest":3,"minecraft:soul_soil":241,"minecraft:deepslate_tile_stairs":34,"minecraft:podzol":42,"minecraft:acacia_wood":2,"minecraft:cooked_beef":5,"minecraft:cobbled_deepslate":2,"minecraft:pumpkin":6,"minecraft:enchanted_golden_apple":9,"minecraft:cobbled_deepslate_wall":317,"minecraft:calcite":15,"dramaticdoors:tall_iron_door":8,"minecraft:water_bucket":97,"minecraft:mangrove_wood":102,"minecraft:cobblestone_stairs":22,"minecraft:dirt_path":68,"siegemachines:siege_ladder":3,"minecraft:snow_block":3934,"minecraft:dark_oak_hanging_sign":1,"minecraft:birch_planks":63,"minecraft:lead":1,"minecraft:polished_andesite":264,"minecraft:blue_wool":6,"stalwart_dungeons:netherite_hammer":11,"minecraft:cauldron":2,"iceandfire:dragon_skull_lightning":8,"securitycraft:reinforced_polished_blackstone_wall":1824,"minecraft:sheep_spawn_egg":15,"minecraft:cobblestone_slab":125,"minecraft:spruce_fence_gate":12,"minecraft:cracked_stone_bricks":22,"minecraft:jungle_wood":41,"fantasyfurniture:nordic/bed_double":1,"minecraft:diamond_block":1881,"minecraft:rail":6,"minecraft:oak_slab":149,"minecraft:crafting_table":1,"minecraft:white_bed":2,"minecraft:campfire":213,"minecraft:dark_oak_fence_gate":13,"supplementaries:blackstone_tile_slab":2189,"minecraft:piglin_head":7,"minecraft:smoker":100,"minecraft:spruce_log":6,"minecraft:mushroom_stem":105,"minecraft:dark_oak_door":10,"minecraft:deepslate_tile_wall":336,"irons_spellbooks:alchemist_cauldron":3,"minecraft:mud":196,"twilightforest:mining_trapdoor":3,"minecraft:flower_pot":5,"minecraft:acacia_stairs":2,"minecraft:black_wool":39,"minecraft:pig_spawn_egg":1,"born_in_chaos_v1:scorched_planks_fence_gate":16,"minecraft:stone_slab":191,"justenoughdrugz:lean":2,"minecraft:spruce_trapdoor":298,"supplementaries:fire_pit":1,"easy_npc:pig_spawn_egg":1,"minecraft:spruce_sapling":2,"securitycraft:reinforced_chain":1,"minecraft:chiseled_stone_bricks":11,"minecraft:cobblestone":78,"minecraft:azalea_leaves":21,"minecraft:mud_brick_wall":89,"minecraft:cooked_porkchop":2,"minecraft:splash_potion":161,"twilightforest:wrought_iron_fence":15,"minecraft:birch_stairs":81},"minecraft:killed":{"orcz:goblinshield":2,"graveyard:skeleton_creeper":1,"minecraft:spider":1,"minecraft:skeleton":3,"realmrpg_demons:chort":11,"minecraft:pig":1,"minecraft:creeper":1,"minecraft:sheep":14,"minecraft:zombie":2,"alexsmobs:cachalot_whale":1,"born_in_chaos_v1:dread_hound":3,"alexsmobs:fly":2,"iceandfire:pixie":1,"born_in_chaos_v1:door_knight":2,"orcz:bannerman":1,"born_in_chaos_v1:zombie_bruiser":1,"born_in_chaos_v1:baby_spider":13,"born_in_chaos_v1:dire_hound_leader":1,"iceandfire:cyclops":1,"born_in_chaos_v1:baby_skeleton":1,"iceandfire:troll":2,"born_in_chaos_v1:mother_spider":2,"born_in_chaos_v1:decrepit_skeleton":1,"born_in_chaos_v1:phantom_creeper_copy":2,"iceandfire:ice_dragon":3,"orcz:goblin_2sword":2,"minecraft:enderman":2}},"DataVersion":3465}