{"stats":{"minecraft:used":{"domesticationinnovation:pet_bed_brown":4,"fantasyfurniture:royal/shelf":2,"minecraft:moss_block":11,"fantasyfurniture:necrolord/chest":1,"farmersdelight:onion_crate":41,"minecraft:writable_book":2,"minecraft:dispenser":2,"minecraft:dead_horn_coral_block":3,"graveyard:laterally_lying_skeleton":10,"born_in_chaos_v1:lifestealer_skull":1,"farmersdelight:hanging_canvas_sign":4,"backpacked:cherry_backpack_shelf":8,"graveyard:creeper_skeleton":1,"farmersdelight:cherry_cabinet":1,"minecraft:spruce_slab":400,"minecraft:bone_block":1,"minecraft:ladder":1,"minecraft:oak_sign":2,"minecraft:black_carpet":62,"siegemachines:trebuchet":3,"farmersdelight:stove":30,"minecraft:chest":77,"minecraft:white_terracotta":4,"fantasyfurniture:nordic/floor_light":7,"minecraft:stone":3,"siegemachines:mortar":1,"supplementaries:blackstone_tile_stairs":120,"born_in_chaos_v1:scorched_planks_stairs":8,"fantasyfurniture:royal/floor_light":6,"fantasyfurniture:necrolord/wardrobe_bottom":2,"graveyard:vase_block":18,"backpacked:spruce_backpack_shelf":7,"minecraft:furnace_minecart":1,"orcz:scrapplatewall":14,"minecraft:cyan_wool":1,"minecraft:snowball":104,"minecraft:stripped_spruce_log":29,"fantasyfurniture:decorations/brewing_cauldron":2,"fantasyfurniture:dunmer/cushion":2,"fantasyfurniture:nordic/wardrobe_bottom":9,"realmrpg_skeletons:burnt_skeleton":4,"minecraft:packed_ice":37,"fantasyfurniture:decorations/venthyr_food_1":2,"minecraft:lava_bucket":15,"minecraft:stripped_dark_oak_wood":196,"fantasyfurniture:nordic/bookshelf":15,"minecraft:spruce_wood":176,"minecraft:black_stained_glass_pane":35,"fantasyfurniture:venthyr/wardrobe_bottom":1,"minecraft:quartz_block":3,"farmersdelight:rice_bale":18,"farmersdelight:beetroot_crate":19,"minecraft:dark_oak_slab":955,"fantasyfurniture:dunmer/chair":1,"minecraft:mossy_cobblestone_slab":1,"minecraft:tropical_fish_spawn_egg":26,"minecraft:hopper_minecart":1,"minecraft:stone_bricks":84,"minecraft:item_frame":9,"fantasyfurniture:dunmer/chandelier":3,"fantasyfurniture:venthyr/lockbox":5,"born_in_chaos_v1:nightmare_stalker_skull":1,"twilightforest:giant_sword":1,"fantasyfurniture:necrolord/carpet":33,"minecraft:red_carpet":17,"fantasyfurniture:nordic/chandelier":3,"farmersdelight:cutting_board":7,"realmrpg_skeletons:headache_skeleton":1,"fantasyfurniture:venthyr/drawer":4,"minecraft:written_book":5,"supplementaries:ash":1,"realmrpg_skeletons:skeleton_from_the_sky":3,"minecraft:furnace":54,"fantasyfurniture:decorations/cookie_jar":2,"farmersdelight:safety_net":7,"fantasyfurniture:dunmer/drawer":2,"twilightforest:canopy_trapdoor":68,"brewinandchewin:heating_cask":39,"minecraft:stripped_spruce_wood":6,"supplementaries:wicker_fence":15,"farmersdelight:full_tatami_mat":1,"minecraft:dark_oak_stairs":41,"fantasyfurniture:nordic/shelf":106,"minecraft:mossy_stone_bricks":3,"fantasyfurniture:dunmer/sofa":20,"minecraft:spruce_door":3,"minecraft:oak_planks":2,"securitycraft:reinforced_white_glazed_terracotta":3,"magistuarmory:netherite_heatershield":1,"minecraft:mossy_stone_brick_stairs":6,"alexsmobs:blobfish_bucket":1,"fantasyfurniture:venthyr/door_double":2,"minecraft:redstone_block":3,"fantasyfurniture:nordic/wall_light":166,"fantasyfurniture:nordic/table_small":8,"fantasyfurniture:nordic/carpet":165,"orcz:orc_wood_slab":861,"farmersdelight:organic_compost":1,"magistuarmory:stone_zweihander":1,"supplementaries:awning_black":9,"minecraft:dark_oak_trapdoor":32,"brewinandchewin:coaster":15,"fantasyfurniture:nordic/table_wide":2,"fantasyfurniture:decorations/stocking":1,"minecraft:sand":6,"fantasyfurniture:dunmer/floor_light":7,"fantasyfurniture:venthyr/dresser":4,"realmrpg_skeletons:lucky_skeleton":3,"twilightforest:cracked_nagastone_stairs_left":5,"orcz:orc_wood_fence":6,"fantasyfurniture:royal/sofa":2,"mca:female_villager_spawn_egg":3,"minecraft:blast_furnace":40,"minecraft:blue_ice":383,"minecraft:netherite_helmet":1,"fantasyfurniture:bone/wither/carpet":79,"mca:black_dark_oak_crib":1,"dramaticdoors:short_bamboo_door":1,"graveyard:hanged_skeleton":14,"siegemachines:ballista":4,"realmrpg_skeletons:rookie_skeleton":1,"justenoughdrugz:percs_pill_bottle":1,"deeperdarker:polished_gloomslate":7,"fantasyfurniture:decorations/venthyr_food_0":2,"fantasyfurniture:venthyr/bookshelf":5,"tombstone:easter_egg":4,"supplementaries:ash_bricks_stairs":2,"orcz:bedroll":4,"fantasyfurniture:nordic/oven":47,"graveyard:skull_pile":1,"fantasyfurniture:nordic/table_large":1,"fantasyfurniture:decorations/paper_stack":5,"fantasyfurniture:venthyr/shelf":56,"twilightforest:time_log":6,"minecraft:string":107,"fantasyfurniture:nordic/chair":8,"minecraft:barrier":63,"minecraft:lectern":2,"fantasyfurniture:nordic/drawer":8,"fantasyfurniture:decorations/fairy_lights_1":4,"irons_spellbooks:armor_pile":1,"supplementaries:cannon":2,"minecraft:deepslate":4,"fantasyfurniture:venthyr/table_wide_fancy":2,"supplementaries:stone_tile_stairs":3,"minecraft:polished_andesite_slab":21,"domesticationinnovation:pet_bed_purple":2,"fantasyfurniture:venthyr/bench":14,"fantasyfurniture:nordic/bench":22,"fantasyfurniture:venthyr/oven":18,"minecraft:diamond_sword":2,"farmersdelight:straw_bale":28,"minecraft:grindstone":2,"supplementaries:stone_tile_slab":21,"minecraft:dark_oak_fence":14,"farmersdelight:spruce_cabinet":9,"minecraft:chain":11,"fantasyfurniture:decorations/spider_web_wide":1,"mca:gray_dark_oak_crib":24,"supplementaries:awning_white":2,"minecraft:chest_minecart":6,"born_in_chaos_v1:scorched_planks_trapdoor":15,"minecraft:oak_hanging_sign":11,"fantasyfurniture:venthyr/chair":2,"minecraft:coarse_dirt":64,"fantasyfurniture:dunmer/wardrobe_top":2,"minecraft:bone_meal":81,"fantasyfurniture:decorations/book_stack":33,"supplementaries:wind_vane":1,"fantasyfurniture:venthyr/wardrobe_top":3,"twilightforest:canopy_bookshelf":30,"minecraft:rose_bush":6,"graveyard:skull_on_pike":4,"minecraft:iron_bars":29,"fantasyfurniture:decorations/venthyr_tea_set":1,"minecraft:enchanting_table":3,"siegemachines:culverin":1,"minecraft:armor_stand":41,"fantasyfurniture:bone/skeleton/sofa":2,"minecraft:flint_and_steel":99,"fantasyfurniture:dunmer/painting_wide":16,"fantasyfurniture:decorations/royal_wall_mirror_large":1,"magistuarmory:netherite_ranseur":7,"smallships:cherry_brigg":1,"graveyard:wither_bone_remains":1,"fantasyfurniture:nordic/counter":5,"fantasyfurniture:necrolord/oven":1,"minecraft:mycelium":8,"orcz:cageblock":2,"twilightforest:glass_sword":58,"minecraft:spruce_planks":13,"minecraft:iron_ingot":2,"supplementaries:gravel_bricks":4,"minecraft:stripped_birch_wood":33,"farmersdelight:rice_bag":55,"magistuarmory:netherite_kiteshield":4,"realmrpg_skeletons:shot_skeleton":4,"securitycraft:reinforced_red_carpet":41,"twilightforest:hollow_time_log":35,"mca:black_spruce_crib":1,"securitycraft:reinforced_bookshelf":134,"minecraft:torch":2,"minecraft:stick":10,"fantasyfurniture:nordic/painting_wide":9,"fantasyfurniture:bone/wither/sofa":2,"minecraft:dirt":3,"minecraft:anvil":2,"fantasyfurniture:royal/chair":4,"minecraft:white_carpet":22,"fantasyfurniture:decorations/royal_platter":14,"brewinandchewin:ice_crate":68,"supplementaries:faucet":1,"realmrpg_skeletons:unsaved_skeleton":2,"fantasyfurniture:bone/wither/oven":25,"farmersdelight:carrot_crate":21,"minecraft:spruce_stairs":60,"minecraft:cobblestone_wall":7,"fantasyfurniture:bone/wither/painting_wide":3,"farmersdelight:bacon":1,"twilightforest:sorting_door":8,"minecraft:spruce_fence":48,"graveyard:hanged_wither_skeleton":3,"supplementaries:item_shelf":3,"minecraft:andesite_wall":1,"cataclysm:azure_seastone_fence":4,"farmersdelight:rope":27,"fantasyfurniture:venthyr/wall_light":5,"graveyard:wither_skull_on_pike":5,"minecraft:stone_brick_slab":77,"supplementaries:stone_tile_wall":1,"minecraft:wooden_axe":4,"minecraft:chipped_anvil":6,"minecraft:bookshelf":88,"twilightforest:iron_ladder":8,"borninchaosdelight:coffee_candy_stew":4,"minecraft:iron_block":326,"minecraft:oak_stairs":14,"minecraft:rooted_dirt":4,"alexsmobs:platypus_bucket":1,"fantasyfurniture:venthyr/floor_light":5,"twilightforest:canopy_fence":11,"farmersdelight:cabbage_crate":36,"twilightforest:canopy_door":9,"minecraft:barrel":68,"graveyard:wither_skull_pile":2,"minecraft:smooth_basalt":75,"minecraft:basalt":111,"farmersdelight:basket":1,"fantasyfurniture:venthyr/painting_wide":4,"fantasyfurniture:decorations/tankards_milk":10,"minecraft:magenta_terracotta":1,"twilightforest:magic_painting":4,"minecraft:emerald_block":2037,"fantasyfurniture:nordic/chest":67,"fantasyfurniture:decorations/royal_food_1":1,"magistuarmory:heavy_crossbow":2,"minecraft:podzol":18,"magistuarmory:netherite_flamebladedsword":9,"farmersdelight:cooking_pot":12,"cataclysm:ancient_spear":3,"mca:jeweler_workbench":1,"minecraft:acacia_wood":7,"tombstone:gift":17,"supplementaries:statue":6,"fantasyfurniture:dunmer/wall_light":25,"minecraft:bamboo_planks":1,"farmersdelight:potato_crate":21,"fantasyfurniture:decorations/spider_web_small":9,"minecraft:calcite":15,"fantasyfurniture:decorations/venthyr_candles":3,"justenoughdrugz:flask_item":2,"minecraft:water_bucket":1,"fantasyfurniture:venthyr/bed_double":3,"minecraft:mangrove_wood":17,"minecraft:cobblestone_stairs":7,"farmersdelight:skillet":17,"minecraft:dirt_path":2,"siegemachines:siege_ladder":1,"brewinandchewin:ham_and_cheese_sandwich":2,"minecraft:snow_block":475,"farmersdelight:tomato_crate":29,"minecraft:birch_planks":31,"fantasyfurniture:decorations/floating_tomes":3,"minecraft:andesite_slab":9,"fantasyfurniture:venthyr/chest":52,"born_in_chaos_v1:scorched_planks_door":3,"stalwart_dungeons:netherite_hammer":1,"fantasyfurniture:decorations/muffins_sweetberry":10,"minecraft:cauldron":2,"realmrpg_skeletons:dragon_burnt_skeleton":3,"fantasyfurniture:venthyr/carpet":16,"farmersdelight:dark_oak_cabinet":1,"minecraft:stonecutter":2,"minecraft:spruce_fence_gate":1,"minecraft:cracked_stone_bricks":14,"magistuarmory:netherite_chainmorgenstern":1,"minecraft:glow_item_frame":5,"minecraft:jungle_wood":8,"minecraft:rail":9,"fantasyfurniture:nordic/bed_double":6,"minecraft:diamond_block":1,"graveyard:skull_with_rib_cage":1,"minecraft:oak_slab":108,"brewinandchewin:keg":194,"domesticationinnovation:pet_bed_yellow":1,"born_in_chaos_v1:creepy_nutcracker":3,"minecraft:campfire":12,"minecraft:dark_oak_fence_gate":19,"fantasyfurniture:venthyr/cushion":3,"minecraft:painting":26,"fantasyfurniture:nordic/sofa":19,"fantasyfurniture:royal/bookshelf":5,"minecraft:smoker":3,"minecraft:mushroom_stem":3,"brewinandchewin:bloody_mary":2,"minecraft:mud":15,"twilightforest:mining_trapdoor":13,"supplementaries:relayer":1,"dramaticdoors:tall_canopy_door":1,"fantasyfurniture:nordic/wardrobe_top":3,"supplementaries:sign_post_spruce":10,"minecraft:tnt_minecart":2,"fantasyfurniture:dunmer/table_wide":7,"justenoughdrugz:lean":1,"minecraft:spruce_trapdoor":232,"siegemachines:catapult":2,"fantasyfurniture:dunmer/stool":6,"fantasyfurniture:royal/bed_double":2,"fantasyfurniture:nordic/lockbox":9,"fantasyfurniture:decorations/venthyr_banner":11,"minecraft:cobblestone":3,"fantasyfurniture:nordic/bed_single":3,"fantasyfurniture:royal/wardrobe_bottom":1,"fantasyfurniture:venthyr/sofa":14,"fantasyfurniture:decorations/gravestone":1,"realmrpg_skeletons:duelist_skeleton":6,"fantasyfurniture:decorations/coin_stack_gold":5,"fantasyfurniture:dunmer/chest":3,"fantasyfurniture:decorations/bone_candles":2,"fantasyfurniture:decorations/hanging_herbs":2},"minecraft:dropped":{"fantasyfurniture:venthyr/wardrobe_bottom":1,"spanishdelight:croquettes":1,"siegemachines:siege_ladder":3,"minecraft:red_carpet":2,"minecraft:bone":1,"born_in_chaos_v1:ethereal_spirit":1,"orcz:bedroll":1,"minecraft:mushroom_stem":1,"justenoughdrugz:cocaine_baggie":1152,"supplementaries:ash":1,"tombstone:easter_egg":4,"minecraft:spruce_wood":1,"fantasyfurniture:nordic/painting_wide":1,"minecraft:campfire":1,"minecraft:written_book":2,"borninchaosdelight:mint_cookie":64,"born_in_chaos_v1:shattered_skull":1,"farmersdelight:full_tatami_mat":2,"justenoughdrugz:heroin_syringe":796,"minecraft:coal":64,"twilightforest:canopy_door":2,"spanishdelight:green_bean":1,"fantasyfurniture:nordic/shelf":1,"justenoughdrugz:lean":13,"justenoughdrugz:empty_pill_bottle":1,"minecraft:stripped_spruce_wood":1},"minecraft:broken":{"wardrobe:taiga_boots":1},"minecraft:custom":{"minecraft:open_barrel":19,"minecraft:leave_game":13,"minecraft:time_since_death":161317,"minecraft:sprint_one_cm":597966,"minecraft:drop":73,"minecraft:talked_to_villager":1,"minecraft:deaths":1,"minecraft:play_time":1089497,"minecraft:jump":8338,"minecraft:walk_on_water_one_cm":11678,"minecraft:enchant_item":1,"minecraft:interact_with_furnace":2,"minecraft:interact_with_loom":1,"minecraft:damage_dealt":11835,"minecraft:crouch_one_cm":175283,"tombstone:undead_killed":19,"tombstone:villager_killed":3,"minecraft:interact_with_smoker":2,"minecraft:inspect_dispenser":4,"minecraft:interact_with_anvil":3,"minecraft:mob_kills":71,"minecraft:fill_cauldron":2,"minecraft:damage_dealt_resisted":223,"minecraft:climb_one_cm":19254,"minecraft:walk_one_cm":1757462,"minecraft:sneak_time":82025,"minecraft:walk_under_water_one_cm":13771,"minecraft:boat_one_cm":12882,"minecraft:interact_with_lectern":8,"minecraft:interact_with_blast_furnace":2,"minecraft:total_world_time":1089497,"minecraft:tune_noteblock":5,"minecraft:pot_flower":2,"minecraft:time_since_rest":161345,"minecraft:damage_taken":634,"minecraft:fly_one_cm":7352365,"minecraft:swim_one_cm":3228,"minecraft:open_chest":14,"minecraft:aviate_one_cm":25050,"minecraft:fall_one_cm":8587},"minecraft:killed":{"graveyard:skeleton_creeper":1,"minecraft:spider":2,"minecraft:skeleton":3,"realmrpg_demons:chort":3,"orcz:goblinsavagemace":2,"minecraft:creeper":9,"minecraft:sheep":1,"minecraft:trader_llama":2,"minecraft:zombie":7,"born_in_chaos_v1:dread_hound":3,"born_in_chaos_v1:corpse_fly":2,"alexsmobs:fly":1,"orcz:snot":12,"born_in_chaos_v1:maggot":2,"born_in_chaos_v1:baby_spider":1,"iceandfire:hippocampus":1,"born_in_chaos_v1:spiritof_chaos":1,"born_in_chaos_v1:baby_skeleton":4,"iceandfire:troll":4,"minecraft:wandering_trader":1,"born_in_chaos_v1:decrepit_skeleton":3,"born_in_chaos_v1:decaying_zombie":1,"born_in_chaos_v1:dark_vortex":1,"mca:female_villager":2,"orcz:goblin_2sword":1,"alexsmobs:platypus":1},"minecraft:picked_up":{"minecraft:wooden_axe":2,"fantasyfurniture:bone/wither/carpet":1,"minecraft:wheat":2,"iceandfire:troll_weapon_hammer":1,"minecraft:prismarine_shard":1,"justenoughdrugz:lean":23,"minecraft:lead":2,"justenoughdrugz:percs_pill_bottle":3,"minecraft:enchanted_book":4,"minecraft:string":18,"minecraft:oak_hanging_sign":1,"minecraft:armor_stand":1,"irons_spellbooks:arcane_essence":2,"justenoughdrugz:ephedrine":1,"minecraft:written_book":49,"minecraft:furnace":1,"twilightforest:cooked_venison":1,"born_in_chaos_v1:shattered_skull":3,"minecraft:torch":9,"minecraft:snow_block":1,"tombstone:grave_dust":3,"farmersdelight:fried_egg":1,"minecraft:rotten_flesh":8,"minecraft:tropical_fish":4,"twilightforest:canopy_trapdoor":1,"orcz:orcshroom":4,"fantasyfurniture:nordic/carpet":1,"spanishdelight:churro":3,"supplementaries:ash":2,"tombstone:easter_egg":11,"minecraft:cooked_beef":1,"orcz:orcteeth":3,"minecraft:brown_wool":2,"farmersdelight:bacon":123,"supplementaries:item_shelf":13,"brewinandchewin:strongroot_ale":1,"minecraft:stripped_spruce_wood":3,"farmersdelight:cooked_bacon":13,"brewinandchewin:pizza":1,"orcz:orc_wood_slab":1,"born_in_chaos_v1:monster_skin":1,"minecraft:chipped_anvil":1,"wardrobe:taiga_boots":1,"minecraft:bone":11,"twilightforest:canopy_door":3,"brewinandchewin:vegetable_omelet":1,"wardrobe:book_hat_3":1,"wardrobe:fishing_apron":2,"siegemachines:mortar":1,"orcz:orcagaric":2,"iceandfire:shiny_scales":2,"orcz:blue_orcshroom":2,"minecraft:sand":26,"minecraft:diamond_block":1,"supplementaries:awning_black":1,"minecraft:spruce_fence_gate":1,"siegemachines:ballista":2,"minecraft:blue_ice":1,"supplementaries:cannon":1,"fantasyfurniture:nordic/wall_light":1,"minecraft:emerald":2,"alexsmobs:maggot":1,"brewinandchewin:steel_toe_stout":1,"minecraft:mud":1,"minecraft:azure_bluet":1,"born_in_chaos_v1:seedof_chaos":1,"minecraft:packed_ice":1,"iceandfire:chain":1,"siegemachines:trebuchet":1,"fantasyfurniture:nordic/shelf":1,"siegemachines:culverin":1,"minecraft:iron_axe":1,"magistuarmory:netherite_kiteshield":1,"magistuarmory:stone_zweihander":1,"farmersdelight:beef_patty":3,"justenoughdrugz:weed_seed":2,"minecraft:egg":17,"spanishdelight:brava_potatoes":3,"iceandfire:troll_tusk":2,"justenoughdrugz:cocaine_baggie":7656,"minecraft:trident":1,"minecraft:mushroom_stem":1,"brewinandchewin:coaster":2,"spanishdelight:green_bean":1,"borninchaosdelight:mint_cookie":64,"minecraft:arrow":5,"spanishdelight:croquettes":5,"minecraft:mutton":4,"minecraft:rail":4,"born_in_chaos_v1:corpse_maggot":3,"born_in_chaos_v1:monster_flesh":3,"minecraft:leather":3,"iceandfire:troll_leather_mountain":13,"spanishdelight:gazpacho":3,"justenoughdrugz:heroin_syringe":2050,"farmersdelight:salmon_slice":6,"minecraft:gunpowder":134,"tombstone:gift":4,"minecraft:smooth_sandstone":1,"minecraft:red_carpet":2,"supplementaries:cannonball":2,"born_in_chaos_v1:spider_mandible":1,"minecraft:stone_bricks":6,"siegemachines:catapult":1,"twilightforest:glass_sword":2,"minecraft:spore_blossom":1,"minecraft:spruce_wood":1,"farmersdelight:full_tatami_mat":3,"minecraft:emerald_block":1,"born_in_chaos_v1:ethereal_spirit":3,"minecraft:gravel":4,"born_in_chaos_v1:dark_rod":1,"minecraft:blast_furnace":1,"minecraft:spider_eye":4,"fantasyfurniture:nordic/painting_wide":1,"spanishdelight:spanish_tortilla":5,"minecraft:campfire":2,"siegemachines:siege_ladder":3,"fantasyfurniture:venthyr/wardrobe_bottom":1,"minecraft:coal":1439}},"DataVersion":3465}