{
  "tombstone:adventure/easter": {
    "criteria": {
      "coded_trigger": "2025-03-31 16:18:25 +0000"
    },
    "done": true
  },
  "exoticbirds:recipes/phoenix_egg_from_nether_phoenix": {
    "criteria": {
      "has_egg": "2025-03-31 16:18:25 +0000"
    },
    "done": true
  },
  "exoticbirds:recipes/egg_incubator": {
    "criteria": {
      "has_bucket": "2025-03-31 16:18:25 +0000",
      "has_flint": "2025-03-31 16:18:25 +0000"
    },
    "done": true
  },
  "exoticbirds:recipes/phoenix_egg_from_twilight_phoenix": {
    "criteria": {
      "has_egg": "2025-03-31 16:18:25 +0000"
    },
    "done": true
  },
  "exoticbirds:recipes/phoenix_egg_from_cloud_phoenix": {
    "criteria": {
      "has_egg": "2025-03-31 16:18:25 +0000"
    },
    "done": true
  },
  "exoticbirds:recipes/phoenix_egg_from_desert_phoenix": {
    "criteria": {
      "has_egg": "2025-03-31 16:18:25 +0000"
    },
    "done": true
  },
  "brewinandchewin:main/root": {
    "criteria": {
      "beer": "2025-03-31 16:18:25 +0000"
    },
    "done": true
  },
  "exoticbirds:recipes/phoenix_egg_from_ender_phoenix": {
    "criteria": {
      "has_egg": "2025-03-31 16:18:25 +0000"
    },
    "done": true
  },
  "exoticbirds:recipes/phoenix_egg_from_fire_phoenix": {
    "criteria": {
      "has_egg": "2025-03-31 16:18:25 +0000"
    },
    "done": true
  },
  "exoticbirds:recipes/phoenix_egg_from_skeleton_phoenix": {
    "criteria": {
      "has_egg": "2025-03-31 16:18:25 +0000"
    },
    "done": true
  },
  "exoticbirds:recipes/phoenix_egg_from_water_phoenix": {
    "criteria": {
      "has_egg": "2025-03-31 16:18:25 +0000"
    },
    "done": true
  },
  "exoticbirds:recipes/egg_identifier": {
    "criteria": {
      "has_bucket": "2025-03-31 16:18:25 +0000"
    },
    "done": true
  },
  "farmersdelight:main/root": {
    "criteria": {
      "seeds": "2025-03-31 16:18:25 +0000"
    },
    "done": true
  },
  "exoticbirds:recipes/phoenix_egg_from_snowy_phoenix": {
    "criteria": {
      "has_egg": "2025-03-31 16:18:25 +0000"
    },
    "done": true
  },
  "minecraft:recipes/decorations/crafting_table": {
    "criteria": {
      "unlock_right_away": "2025-03-31 16:18:26 +0000"
    },
    "done": true
  },
  "mowziesmobs:root": {
    "criteria": {
      "custom_test_name": "2025-03-31 16:18:26 +0000"
    },
    "done": true
  },
  "irons_spellbooks:grant_patchouli": {
    "criteria": {
      "tick": "2025-03-31 16:18:26 +0000"
    },
    "done": true
  },
  "incendium:technical/new_player": {
    "criteria": {
      "requirement": "2025-03-31 16:18:26 +0000"
    },
    "done": true
  },
  "iceandfire:iceandfire/root": {
    "criteria": {
      "tick": "2025-03-31 16:18:26 +0000"
    },
    "done": true
  },
  "betterdungeons:root": {
    "criteria": {
      "always": "2025-03-31 16:18:26 +0000"
    },
    "done": true
  },
  "born_in_chaos_v1:bornin_chaos": {
    "criteria": {
      "bornin_chaos_0": "2025-03-31 16:18:26 +0000"
    },
    "done": true
  },
  "orcz:orczchallenge": {
    "criteria": {
      "orczchallenge": "2025-03-31 16:18:26 +0000"
    },
    "done": true
  },
  "exoticbirds:default/root": {
    "criteria": {
      "launch_mod": "2025-03-31 16:18:26 +0000"
    },
    "done": true
  },
  "betterdeserttemples:root": {
    "criteria": {
      "always": "2025-03-31 16:18:26 +0000"
    },
    "done": true
  },
  "cataclysm:root": {
    "criteria": {
      "custom_test_name": "2025-03-31 16:18:26 +0000"
    },
    "done": true
  },
  "incendium:technical/using/shield": {
    "criteria": {
      "log_spam_fixer": "2025-03-31 16:18:27 +0000"
    },
    "done": false
  },
  "tombstone:adventure/root": {
    "criteria": {
      "auto": "2025-03-31 16:18:27 +0000"
    },
    "done": true
  },
  "incendium:technical/scroll_of_returning": {
    "criteria": {
      "log_spam_fixer": "2025-03-31 16:18:27 +0000"
    },
    "done": false
  },
  "incendium:technical/using/ragnarok": {
    "criteria": {
      "log_spam_fixer": "2025-03-31 16:18:27 +0000"
    },
    "done": false
  },
  "incendium:technical/using/trailblazer": {
    "criteria": {
      "log_spam_fixer": "2025-03-31 16:18:27 +0000"
    },
    "done": false
  },
  "minecraft:adventure/adventuring_time": {
    "criteria": {
      "minecraft:snowy_slopes": "2025-03-31 16:26:17 +0000",
      "minecraft:frozen_river": "2025-03-31 16:37:43 +0000",
      "minecraft:windswept_hills": "2025-04-14 11:14:38 +0000",
      "minecraft:savanna_plateau": "2025-03-31 16:27:58 +0000",
      "minecraft:stony_peaks": "2025-03-31 16:18:27 +0000",
      "minecraft:mangrove_swamp": "2025-03-31 16:44:06 +0000",
      "minecraft:river": "2025-03-31 16:32:30 +0000",
      "minecraft:snowy_plains": "2025-03-31 16:36:49 +0000",
      "minecraft:dripstone_caves": "2025-03-31 16:26:55 +0000",
      "minecraft:snowy_taiga": "2025-03-31 16:41:55 +0000",
      "minecraft:jagged_peaks": "2025-03-31 16:26:15 +0000",
      "minecraft:forest": "2025-03-31 16:27:59 +0000",
      "minecraft:lush_caves": "2025-04-02 16:02:13 +0000",
      "minecraft:ice_spikes": "2025-03-31 16:41:17 +0000",
      "minecraft:frozen_ocean": "2025-03-31 16:42:24 +0000",
      "minecraft:jungle": "2025-03-31 16:28:00 +0000",
      "minecraft:snowy_beach": "2025-03-31 16:41:18 +0000",
      "minecraft:meadow": "2025-03-31 16:26:41 +0000",
      "minecraft:savanna": "2025-03-31 16:27:49 +0000",
      "minecraft:plains": "2025-03-31 16:26:58 +0000"
    },
    "done": false
  },
  "minecraft:recipes/misc/charcoal": {
    "criteria": {
      "has_log": "2025-03-31 16:34:04 +0000"
    },
    "done": true
  },
  "minecraft:recipes/building_blocks/oak_planks": {
    "criteria": {
      "has_logs": "2025-03-31 16:34:04 +0000"
    },
    "done": true
  },
  "securitycraft:recipes/misc/sc_manual": {
    "criteria": {
      "has_wood": "2025-03-31 16:34:04 +0000"
    },
    "done": true
  },
  "minecraft:recipes/building_blocks/spruce_wood": {
    "criteria": {
      "has_log": "2025-03-31 16:34:59 +0000"
    },
    "done": true
  },
  "minecraft:recipes/building_blocks/spruce_planks": {
    "criteria": {
      "has_logs": "2025-03-31 16:34:59 +0000"
    },
    "done": true
  },
  "supplementaries:adventure/way_sign": {
    "criteria": {
      "bastion": "2025-03-31 16:56:56 +0000"
    },
    "done": true
  },
  "supplementaries:recipes/flower_box": {
    "criteria": {
      "has_dirt": "2025-03-31 17:00:09 +0000"
    },
    "done": true
  },
  "minecraft:recipes/misc/diamond": {
    "criteria": {
      "has_diamond_block": "2025-03-31 17:05:20 +0000"
    },
    "done": true
  },
  "minecraft:recipes/decorations/oak_sign": {
    "criteria": {
      "has_planks": "2025-03-31 17:15:22 +0000"
    },
    "done": true
  },
  "supplementaries:recipes/lock_block": {
    "criteria": {
      "minecraft:planks": "2025-03-31 17:15:22 +0000"
    },
    "done": true
  },
  "exoticbirds:recipes/light_gray_birdhouse": {
    "criteria": {
      "has_wood": "2025-03-31 17:15:22 +0000"
    },
    "done": true
  },
  "minecraft:recipes/misc/stick": {
    "criteria": {
      "has_planks": "2025-03-31 17:15:22 +0000"
    },
    "done": true
  },
  "exoticbirds:recipes/pink_birdhouse": {
    "criteria": {
      "has_wood": "2025-03-31 17:15:22 +0000"
    },
    "done": true
  },
  "exoticbirds:recipes/light_blue_birdhouse": {
    "criteria": {
      "has_wood": "2025-03-31 17:15:22 +0000"
    },
    "done": true
  },
  "exoticbirds:recipes/brown_birdhouse": {
    "criteria": {
      "has_wood": "2025-03-31 17:15:22 +0000"
    },
    "done": true
  },
  "exoticbirds:recipes/red_birdhouse": {
    "criteria": {
      "has_wood": "2025-03-31 17:15:22 +0000"
    },
    "done": true
  },
  "minecraft:recipes/building_blocks/oak_slab": {
    "criteria": {
      "has_planks": "2025-03-31 17:15:22 +0000"
    },
    "done": true
  },
  "mca:recipes/decorations/cyan_oak_crib": {
    "criteria": {
      "has_oak_planks": "2025-03-31 17:15:22 +0000"
    },
    "done": true
  },
  "minecraft:recipes/redstone/oak_fence_gate": {
    "criteria": {
      "has_planks": "2025-03-31 17:15:22 +0000"
    },
    "done": true
  },
  "mca:recipes/decorations/white_oak_crib": {
    "criteria": {
      "has_oak_planks": "2025-03-31 17:15:22 +0000"
    },
    "done": true
  },
  "minecraft:recipes/redstone/oak_door": {
    "criteria": {
      "has_planks": "2025-03-31 17:15:22 +0000"
    },
    "done": true
  },
  "supplementaries:recipes/turn_table": {
    "criteria": {
      "minecraft:planks": "2025-03-31 17:15:22 +0000"
    },
    "done": true
  },
  "exoticbirds:recipes/blue_birdhouse": {
    "criteria": {
      "has_wood": "2025-03-31 17:15:22 +0000"
    },
    "done": true
  },
  "supplementaries:recipes/clock_block": {
    "criteria": {
      "minecraft:planks": "2025-03-31 17:15:22 +0000"
    },
    "done": true
  },
  "minecraft:recipes/decorations/barrel": {
    "criteria": {
      "has_planks": "2025-03-31 17:15:22 +0000"
    },
    "done": true
  },
  "exoticbirds:recipes/white_birdhouse": {
    "criteria": {
      "has_wood": "2025-03-31 17:15:22 +0000"
    },
    "done": true
  },
  "exoticbirds:recipes/magenta_birdhouse": {
    "criteria": {
      "has_wood": "2025-03-31 17:15:22 +0000"
    },
    "done": true
  },
  "mca:recipes/decorations/green_oak_crib": {
    "criteria": {
      "has_oak_planks": "2025-03-31 17:15:22 +0000"
    },
    "done": true
  },
  "exoticbirds:recipes/roost_box": {
    "criteria": {
      "has_material": "2025-03-31 17:15:22 +0000"
    },
    "done": true
  },
  "exoticbirds:recipes/green_birdhouse": {
    "criteria": {
      "has_wood": "2025-03-31 17:15:22 +0000"
    },
    "done": true
  },
  "exoticbirds:recipes/black_birdhouse": {
    "criteria": {
      "has_wood": "2025-03-31 17:15:22 +0000"
    },
    "done": true
  },
  "exoticbirds:recipes/cyan_birdhouse": {
    "criteria": {
      "has_wood": "2025-03-31 17:15:22 +0000"
    },
    "done": true
  },
  "mca:recipes/decorations/light_gray_oak_crib": {
    "criteria": {
      "has_oak_planks": "2025-03-31 17:15:22 +0000"
    },
    "done": true
  },
  "minecraft:recipes/redstone/oak_trapdoor": {
    "criteria": {
      "has_planks": "2025-03-31 17:15:22 +0000"
    },
    "done": true
  },
  "mca:recipes/decorations/blue_oak_crib": {
    "criteria": {
      "has_oak_planks": "2025-03-31 17:15:22 +0000"
    },
    "done": true
  },
  "exoticbirds:recipes/gray_birdhouse": {
    "criteria": {
      "has_wood": "2025-03-31 17:15:22 +0000"
    },
    "done": true
  },
  "exoticbirds:recipes/lime_birdhouse": {
    "criteria": {
      "has_wood": "2025-03-31 17:15:22 +0000"
    },
    "done": true
  },
  "mca:recipes/decorations/purple_oak_crib": {
    "criteria": {
      "has_oak_planks": "2025-03-31 17:15:22 +0000"
    },
    "done": true
  },
  "supplementaries:recipes/bed_from_feather_block": {
    "criteria": {
      "minecraft:planks": "2025-03-31 17:15:22 +0000"
    },
    "done": true
  },
  "mca:recipes/decorations/red_oak_crib": {
    "criteria": {
      "has_oak_planks": "2025-03-31 17:15:22 +0000"
    },
    "done": true
  },
  "minecraft:recipes/building_blocks/oak_stairs": {
    "criteria": {
      "has_planks": "2025-03-31 17:15:22 +0000"
    },
    "done": true
  },
  "minecraft:recipes/decorations/oak_fence": {
    "criteria": {
      "has_planks": "2025-03-31 17:15:22 +0000"
    },
    "done": true
  },
  "iceandfire:recipes/misc/earplugs": {
    "criteria": {
      "has_item": "2025-03-31 17:15:22 +0000"
    },
    "done": true
  },
  "mca:recipes/decorations/magenta_oak_crib": {
    "criteria": {
      "has_oak_planks": "2025-03-31 17:15:22 +0000"
    },
    "done": true
  },
  "supplementaries:recipes/speaker_block": {
    "criteria": {
      "minecraft:planks": "2025-03-31 17:15:22 +0000"
    },
    "done": true
  },
  "exoticbirds:recipes/yellow_birdhouse": {
    "criteria": {
      "has_wood": "2025-03-31 17:15:22 +0000"
    },
    "done": true
  },
  "exoticbirds:recipes/purple_birdhouse": {
    "criteria": {
      "has_wood": "2025-03-31 17:15:22 +0000"
    },
    "done": true
  },
  "minecraft:recipes/redstone/oak_button": {
    "criteria": {
      "has_planks": "2025-03-31 17:15:22 +0000"
    },
    "done": true
  },
  "supplementaries:recipes/notice_board": {
    "criteria": {
      "minecraft:planks": "2025-03-31 17:15:22 +0000"
    },
    "done": true
  },
  "mca:recipes/decorations/lime_oak_crib": {
    "criteria": {
      "has_oak_planks": "2025-03-31 17:15:22 +0000"
    },
    "done": true
  },
  "minecraft:recipes/redstone/oak_pressure_plate": {
    "criteria": {
      "has_planks": "2025-03-31 17:15:22 +0000"
    },
    "done": true
  },
  "mca:recipes/decorations/black_oak_crib": {
    "criteria": {
      "has_oak_planks": "2025-03-31 17:15:22 +0000"
    },
    "done": true
  },
  "exoticbirds:recipes/orange_birdhouse": {
    "criteria": {
      "has_wood": "2025-03-31 17:15:22 +0000"
    },
    "done": true
  },
  "mca:recipes/decorations/pink_oak_crib": {
    "criteria": {
      "has_oak_planks": "2025-03-31 17:15:22 +0000"
    },
    "done": true
  },
  "mca:recipes/decorations/orange_oak_crib": {
    "criteria": {
      "has_oak_planks": "2025-03-31 17:15:22 +0000"
    },
    "done": true
  },
  "mca:recipes/decorations/brown_oak_crib": {
    "criteria": {
      "has_oak_planks": "2025-03-31 17:15:22 +0000"
    },
    "done": true
  },
  "mca:recipes/decorations/yellow_oak_crib": {
    "criteria": {
      "has_oak_planks": "2025-03-31 17:15:22 +0000"
    },
    "done": true
  },
  "supplementaries:recipes/pulley": {
    "criteria": {
      "minecraft:planks": "2025-03-31 17:15:22 +0000"
    },
    "done": true
  },
  "mca:recipes/decorations/light_blue_oak_crib": {
    "criteria": {
      "has_oak_planks": "2025-03-31 17:15:22 +0000"
    },
    "done": true
  },
  "mca:recipes/decorations/gray_oak_crib": {
    "criteria": {
      "has_oak_planks": "2025-03-31 17:15:22 +0000"
    },
    "done": true
  },
  "minecraft:husbandry/obtain_netherite_hoe": {
    "criteria": {
      "netherite_hoe": "2025-03-31 17:15:26 +0000"
    },
    "done": true
  },
  "supplementaries:recipes/sconce": {
    "criteria": {
      "has_torch": "2025-03-31 17:16:30 +0000"
    },
    "done": true
  },
  "minecraft:recipes/decorations/snow": {
    "criteria": {
      "has_snowball": "2025-03-31 17:16:39 +0000"
    },
    "done": true
  },
  "minecraft:recipes/building_blocks/snow_block": {
    "criteria": {
      "has_snowball": "2025-03-31 17:16:39 +0000"
    },
    "done": true
  },
  "iceandfire:recipes/building_blocks/dragonforge_ice_brick": {
    "criteria": {
      "has_item": "2025-03-31 17:23:52 +0000"
    },
    "done": true
  },
  "minecraft:recipes/building_blocks/stone_brick_stairs": {
    "criteria": {
      "has_stone_bricks": "2025-03-31 17:23:52 +0000"
    },
    "done": true
  },
  "iceandfire:recipes/building_blocks/dragonforge_fire_brick": {
    "criteria": {
      "has_item": "2025-03-31 17:23:52 +0000"
    },
    "done": true
  },
  "supplementaries:recipes/pedestal": {
    "criteria": {
      "has_stone_bricks": "2025-03-31 17:23:52 +0000"
    },
    "done": true
  },
  "minecraft:recipes/building_blocks/stone_brick_slab": {
    "criteria": {
      "has_stone_bricks": "2025-03-31 17:23:52 +0000"
    },
    "done": true
  },
  "minecraft:recipes/building_blocks/chiseled_stone_bricks_from_stone_bricks_stonecutting": {
    "criteria": {
      "has_stone_bricks": "2025-03-31 17:23:52 +0000"
    },
    "done": true
  },
  "supplementaries:recipes/stone_tile": {
    "criteria": {
      "has_stone_bricks": "2025-03-31 17:23:52 +0000"
    },
    "done": true
  },
  "minecraft:recipes/decorations/stone_brick_wall": {
    "criteria": {
      "has_stone_bricks": "2025-03-31 17:23:52 +0000"
    },
    "done": true
  },
  "minecraft:recipes/building_blocks/cracked_stone_bricks": {
    "criteria": {
      "has_stone_bricks": "2025-03-31 17:23:52 +0000"
    },
    "done": true
  },
  "minecraft:recipes/building_blocks/stone_brick_stairs_from_stone_bricks_stonecutting": {
    "criteria": {
      "has_stone_bricks": "2025-03-31 17:23:52 +0000"
    },
    "done": true
  },
  "iceandfire:recipes/building_blocks/dragonforge_lightning_brick": {
    "criteria": {
      "has_item": "2025-03-31 17:23:52 +0000"
    },
    "done": true
  },
  "minecraft:recipes/building_blocks/chiseled_stone_bricks": {
    "criteria": {
      "has_tag": "2025-03-31 17:23:52 +0000"
    },
    "done": true
  },
  "minecraft:recipes/decorations/stone_brick_wall_from_stone_bricks_stonecutting": {
    "criteria": {
      "has_stone_bricks": "2025-03-31 17:23:52 +0000"
    },
    "done": true
  },
  "minecraft:recipes/building_blocks/stone_brick_slab_from_stone_bricks_stonecutting": {
    "criteria": {
      "has_stone_bricks": "2025-03-31 17:23:52 +0000"
    },
    "done": true
  },
  "supplementaries:recipes/stonecutting/stone_tile": {
    "criteria": {
      "has_stone_bricks": "2025-03-31 17:23:52 +0000"
    },
    "done": true
  },
  "dramaticdoors:recipes/redstone/short_spruce_door": {
    "criteria": {
      "has_items": "2025-03-31 17:24:20 +0000"
    },
    "done": true
  },
  "dramaticdoors:recipes/redstone/tall_spruce_door": {
    "criteria": {
      "has_items": "2025-03-31 17:24:20 +0000"
    },
    "done": true
  },
  "supplementaries:recipes/cage": {
    "criteria": {
      "minecraft:wooden_slabs": "2025-03-31 17:24:52 +0000"
    },
    "done": true
  },
  "twilightforest:recipes/decorations/wood/spruce_banister": {
    "criteria": {
      "has_item": "2025-03-31 17:24:52 +0000"
    },
    "done": true
  },
  "backpacked:recipes/decorations/spruce_backpack_shelf": {
    "criteria": {
      "has_slab": "2025-03-31 17:24:52 +0000"
    },
    "done": true
  },
  "supplementaries:recipes/item_shelf": {
    "criteria": {
      "minecraft:wooden_slabs": "2025-03-31 17:24:52 +0000"
    },
    "done": true
  },
  "minecraft:recipes/decorations/composter": {
    "criteria": {
      "has_wood_slab": "2025-03-31 17:24:52 +0000"
    },
    "done": true
  },
  "supplementaries:recipes/bamboo_spikes": {
    "criteria": {
      "minecraft:wooden_slabs": "2025-03-31 17:24:52 +0000"
    },
    "done": true
  },
  "supplementaries:recipes/bellows": {
    "criteria": {
      "minecraft:wooden_slabs": "2025-03-31 17:24:52 +0000"
    },
    "done": true
  },
  "supplementaries:recipes/blackboard": {
    "criteria": {
      "minecraft:wooden_slabs": "2025-03-31 17:24:52 +0000"
    },
    "done": true
  },
  "exoticbirds:recipes/spruce_birdcage": {
    "criteria": {
      "has_material": "2025-03-31 17:24:52 +0000"
    },
    "done": true
  },
  "supplementaries:recipes/jar": {
    "criteria": {
      "minecraft:wooden_slabs": "2025-03-31 17:24:52 +0000"
    },
    "done": true
  },
  "mca:recipes/decorations/red_spruce_crib": {
    "criteria": {
      "has_spruce_planks": "2025-03-31 17:25:02 +0000"
    },
    "done": true
  },
  "mca:recipes/decorations/orange_spruce_crib": {
    "criteria": {
      "has_spruce_planks": "2025-03-31 17:25:02 +0000"
    },
    "done": true
  },
  "mca:recipes/decorations/yellow_spruce_crib": {
    "criteria": {
      "has_spruce_planks": "2025-03-31 17:25:02 +0000"
    },
    "done": true
  },
  "mca:recipes/decorations/pink_spruce_crib": {
    "criteria": {
      "has_spruce_planks": "2025-03-31 17:25:02 +0000"
    },
    "done": true
  },
  "minecraft:recipes/decorations/spruce_fence": {
    "criteria": {
      "has_planks": "2025-03-31 17:25:02 +0000"
    },
    "done": true
  },
  "mca:recipes/decorations/white_spruce_crib": {
    "criteria": {
      "has_spruce_planks": "2025-03-31 17:25:02 +0000"
    },
    "done": true
  },
  "minecraft:recipes/redstone/spruce_button": {
    "criteria": {
      "has_planks": "2025-03-31 17:25:02 +0000"
    },
    "done": true
  },
  "supplementaries:recipes/sign_post_spruce": {
    "criteria": {
      "has_the_recipe": "2025-03-31 17:25:02 +0000"
    },
    "done": true
  },
  "minecraft:recipes/redstone/spruce_pressure_plate": {
    "criteria": {
      "has_planks": "2025-03-31 17:25:02 +0000"
    },
    "done": true
  },
  "mca:recipes/decorations/light_gray_spruce_crib": {
    "criteria": {
      "has_spruce_planks": "2025-03-31 17:25:02 +0000"
    },
    "done": true
  },
  "mca:recipes/decorations/blue_spruce_crib": {
    "criteria": {
      "has_spruce_planks": "2025-03-31 17:25:02 +0000"
    },
    "done": true
  },
  "mca:recipes/decorations/black_spruce_crib": {
    "criteria": {
      "has_spruce_planks": "2025-03-31 17:25:02 +0000"
    },
    "done": true
  },
  "mca:recipes/decorations/light_blue_spruce_crib": {
    "criteria": {
      "has_spruce_planks": "2025-03-31 17:25:02 +0000"
    },
    "done": true
  },
  "mca:recipes/decorations/magenta_spruce_crib": {
    "criteria": {
      "has_spruce_planks": "2025-03-31 17:25:02 +0000"
    },
    "done": true
  },
  "minecraft:recipes/decorations/spruce_sign": {
    "criteria": {
      "has_planks": "2025-03-31 17:25:02 +0000"
    },
    "done": true
  },
  "mca:recipes/decorations/purple_spruce_crib": {
    "criteria": {
      "has_spruce_planks": "2025-03-31 17:25:02 +0000"
    },
    "done": true
  },
  "supplementaries:recipes/decorations/sign_post_spruce": {
    "criteria": {
      "has_item": "2025-03-31 17:25:02 +0000"
    },
    "done": true
  },
  "mca:recipes/decorations/cyan_spruce_crib": {
    "criteria": {
      "has_spruce_planks": "2025-03-31 17:25:02 +0000"
    },
    "done": true
  },
  "minecraft:recipes/building_blocks/spruce_slab": {
    "criteria": {
      "has_planks": "2025-03-31 17:25:02 +0000"
    },
    "done": true
  },
  "mca:recipes/decorations/green_spruce_crib": {
    "criteria": {
      "has_spruce_planks": "2025-03-31 17:25:02 +0000"
    },
    "done": true
  },
  "mca:recipes/decorations/brown_spruce_crib": {
    "criteria": {
      "has_spruce_planks": "2025-03-31 17:25:02 +0000"
    },
    "done": true
  },
  "minecraft:recipes/redstone/spruce_trapdoor": {
    "criteria": {
      "has_planks": "2025-03-31 17:25:02 +0000"
    },
    "done": true
  },
  "minecraft:recipes/redstone/spruce_door": {
    "criteria": {
      "has_planks": "2025-03-31 17:25:02 +0000"
    },
    "done": true
  },
  "minecraft:recipes/redstone/spruce_fence_gate": {
    "criteria": {
      "has_planks": "2025-03-31 17:25:02 +0000"
    },
    "done": true
  },
  "mca:recipes/decorations/gray_spruce_crib": {
    "criteria": {
      "has_spruce_planks": "2025-03-31 17:25:02 +0000"
    },
    "done": true
  },
  "mca:recipes/decorations/lime_spruce_crib": {
    "criteria": {
      "has_spruce_planks": "2025-03-31 17:25:02 +0000"
    },
    "done": true
  },
  "minecraft:recipes/building_blocks/spruce_stairs": {
    "criteria": {
      "has_planks": "2025-03-31 17:25:02 +0000"
    },
    "done": true
  },
  "mca:recipes/misc/comb": {
    "criteria": {
      "has_item": "2025-03-31 17:26:32 +0000"
    },
    "done": true
  },
  "twilightforest:recipes/decorations/iron_ladder": {
    "criteria": {
      "has_iron_bars": "2025-03-31 17:26:32 +0000"
    },
    "done": true
  },
  "connectedglass:recipes/misc/borderless_glass_black_pane1": {
    "criteria": {
      "recipe_condition": "2025-03-31 17:35:27 +0000"
    },
    "done": true
  },
  "minecraft:recipes/decorations/chest": {
    "criteria": {
      "has_lots_of_items": "2025-03-31 17:38:45 +0000"
    },
    "done": true
  },
  "backpacked:recipes/decorations/oak_backpack_shelf": {
    "criteria": {
      "has_slab": "2025-03-31 17:43:13 +0000"
    },
    "done": true
  },
  "exoticbirds:recipes/oak_birdcage": {
    "criteria": {
      "has_material": "2025-03-31 17:43:13 +0000"
    },
    "done": true
  },
  "twilightforest:recipes/decorations/wood/oak_banister": {
    "criteria": {
      "has_item": "2025-03-31 17:43:13 +0000"
    },
    "done": true
  },
  "farmersdelight:recipes/decorations/stove": {
    "criteria": {
      "has_campfire": "2025-03-31 17:45:15 +0000"
    },
    "done": true
  },
  "farmersdelight:main/place_campfire": {
    "criteria": {
      "campfire": "2025-03-31 17:45:17 +0000"
    },
    "done": true
  },
  "twilightforest:arborist": {
    "criteria": {
      "canopy_trapdoor": "2025-04-02 14:27:42 +0000",
      "canopy_door": "2025-03-31 18:09:10 +0000",
      "canopy_planks": "2025-04-12 15:31:21 +0000",
      "canopy_fence": "2025-04-02 14:44:55 +0000",
      "dark_trapdoor": "2025-04-02 16:18:40 +0000",
      "canopy_stairs": "2025-04-12 15:33:22 +0000",
      "mining_trapdoor": "2025-04-02 16:18:44 +0000",
      "canopy_slab": "2025-04-12 15:31:27 +0000"
    },
    "done": false
  },
  "dramaticdoors:recipes/redstone/tall_canopy_door": {
    "criteria": {
      "has_items": "2025-03-31 18:09:10 +0000"
    },
    "done": true
  },
  "dramaticdoors:recipes/redstone/short_canopy_door": {
    "criteria": {
      "has_items": "2025-03-31 18:09:10 +0000"
    },
    "done": true
  },
  "tombstone:adventure/find_easter_egg": {
    "criteria": {
      "coded_trigger": "2025-03-31 18:31:06 +0000"
    },
    "done": true
  },
  "dramaticdoors:recipes/redstone/tall_dark_oak_door": {
    "criteria": {
      "has_items": "2025-03-31 19:14:53 +0000"
    },
    "done": true
  },
  "dramaticdoors:recipes/redstone/short_dark_oak_door": {
    "criteria": {
      "has_items": "2025-03-31 19:14:53 +0000"
    },
    "done": true
  },
  "connectedglass:recipes/misc/borderless_glass_red_pane1": {
    "criteria": {
      "recipe_condition": "2025-04-02 13:57:30 +0000"
    },
    "done": true
  },
  "connectedglass:recipes/misc/borderless_glass_light_blue_pane1": {
    "criteria": {
      "recipe_condition": "2025-04-02 13:58:02 +0000"
    },
    "done": true
  },
  "securitycraft:recipes/building_blocks/reinforced_gray_carpet_from_dye": {
    "criteria": {
      "has_wool_carpet": "2025-04-02 14:00:08 +0000"
    },
    "done": true
  },
  "securitycraft:recipes/building_blocks/reinforced_red_carpet_from_dye": {
    "criteria": {
      "has_wool_carpet": "2025-04-02 14:00:08 +0000"
    },
    "done": true
  },
  "securitycraft:recipes/building_blocks/reinforced_blue_carpet_from_dye": {
    "criteria": {
      "has_wool_carpet": "2025-04-02 14:00:08 +0000"
    },
    "done": true
  },
  "securitycraft:recipes/building_blocks/reinforced_white_carpet_from_dye": {
    "criteria": {
      "has_wool_carpet": "2025-04-02 14:00:08 +0000"
    },
    "done": true
  },
  "securitycraft:recipes/building_blocks/reinforced_light_blue_carpet_from_dye": {
    "criteria": {
      "has_wool_carpet": "2025-04-02 14:00:08 +0000"
    },
    "done": true
  },
  "securitycraft:recipes/building_blocks/reinforced_purple_carpet_from_dye": {
    "criteria": {
      "has_wool_carpet": "2025-04-02 14:00:08 +0000"
    },
    "done": true
  },
  "securitycraft:recipes/building_blocks/reinforced_pink_carpet_from_dye": {
    "criteria": {
      "has_wool_carpet": "2025-04-02 14:00:08 +0000"
    },
    "done": true
  },
  "securitycraft:recipes/building_blocks/reinforced_green_carpet_from_dye": {
    "criteria": {
      "has_wool_carpet": "2025-04-02 14:00:08 +0000"
    },
    "done": true
  },
  "securitycraft:recipes/building_blocks/reinforced_orange_carpet_from_dye": {
    "criteria": {
      "has_wool_carpet": "2025-04-02 14:00:08 +0000"
    },
    "done": true
  },
  "securitycraft:recipes/building_blocks/reinforced_lime_carpet_from_dye": {
    "criteria": {
      "has_wool_carpet": "2025-04-02 14:00:08 +0000"
    },
    "done": true
  },
  "securitycraft:recipes/building_blocks/reinforced_cyan_carpet_from_dye": {
    "criteria": {
      "has_wool_carpet": "2025-04-02 14:00:08 +0000"
    },
    "done": true
  },
  "securitycraft:recipes/building_blocks/reinforced_magenta_carpet_from_dye": {
    "criteria": {
      "has_wool_carpet": "2025-04-02 14:00:08 +0000"
    },
    "done": true
  },
  "securitycraft:recipes/building_blocks/reinforced_light_gray_carpet_from_dye": {
    "criteria": {
      "has_wool_carpet": "2025-04-02 14:00:08 +0000"
    },
    "done": true
  },
  "securitycraft:recipes/building_blocks/reinforced_brown_carpet_from_dye": {
    "criteria": {
      "has_wool_carpet": "2025-04-02 14:00:08 +0000"
    },
    "done": true
  },
  "securitycraft:recipes/building_blocks/reinforced_black_carpet_from_dye": {
    "criteria": {
      "has_wool_carpet": "2025-04-02 14:00:08 +0000"
    },
    "done": true
  },
  "securitycraft:recipes/building_blocks/reinforced_yellow_carpet_from_dye": {
    "criteria": {
      "has_wool_carpet": "2025-04-02 14:00:08 +0000"
    },
    "done": true
  },
  "minecraft:story/mine_stone": {
    "criteria": {
      "get_stone": "2025-04-02 14:23:09 +0000"
    },
    "done": true
  },
  "minecraft:recipes/decorations/furnace": {
    "criteria": {
      "has_cobblestone": "2025-04-02 14:23:09 +0000"
    },
    "done": true
  },
  "securitycraft:recipes/building_blocks/reinforced_andesite_with_vanilla_diorite": {
    "criteria": {
      "has_cobblestone": "2025-04-02 14:23:09 +0000"
    },
    "done": true
  },
  "minecraft:recipes/building_blocks/cobblestone_slab_from_cobblestone_stonecutting": {
    "criteria": {
      "has_cobblestone": "2025-04-02 14:23:09 +0000"
    },
    "done": true
  },
  "minecraft:recipes/building_blocks/stone": {
    "criteria": {
      "has_cobblestone": "2025-04-02 14:23:09 +0000"
    },
    "done": true
  },
  "securitycraft:recipes/building_blocks/reinforced_andesite_with_vanilla_cobblestone": {
    "criteria": {
      "has_cobblestone": "2025-04-02 14:23:09 +0000"
    },
    "done": true
  },
  "minecraft:recipes/tools/stone_pickaxe": {
    "criteria": {
      "has_cobblestone": "2025-04-02 14:23:09 +0000"
    },
    "done": true
  },
  "minecraft:recipes/building_blocks/cobblestone_slab": {
    "criteria": {
      "has_cobblestone": "2025-04-02 14:23:09 +0000"
    },
    "done": true
  },
  "mca:recipes/building_blocks/headstones": {
    "criteria": {
      "has_ingredients": "2025-04-02 14:23:09 +0000"
    },
    "done": true
  },
  "minecraft:recipes/decorations/cobblestone_wall_from_cobblestone_stonecutting": {
    "criteria": {
      "has_cobblestone": "2025-04-02 14:23:09 +0000"
    },
    "done": true
  },
  "minecraft:recipes/building_blocks/cobblestone_stairs": {
    "criteria": {
      "has_cobblestone": "2025-04-02 14:23:09 +0000"
    },
    "done": true
  },
  "minecraft:recipes/tools/stone_shovel": {
    "criteria": {
      "has_cobblestone": "2025-04-02 14:23:09 +0000"
    },
    "done": true
  },
  "minecraft:recipes/redstone/lever": {
    "criteria": {
      "has_cobblestone": "2025-04-02 14:23:09 +0000"
    },
    "done": true
  },
  "minecraft:recipes/combat/stone_sword": {
    "criteria": {
      "has_cobblestone": "2025-04-02 14:23:09 +0000"
    },
    "done": true
  },
  "minecraft:recipes/decorations/cobblestone_wall": {
    "criteria": {
      "has_cobblestone": "2025-04-02 14:23:09 +0000"
    },
    "done": true
  },
  "minecraft:recipes/tools/stone_axe": {
    "criteria": {
      "has_cobblestone": "2025-04-02 14:23:09 +0000"
    },
    "done": true
  },
  "securitycraft:recipes/redstone/laser_block": {
    "criteria": {
      "has_stone": "2025-04-02 14:23:09 +0000"
    },
    "done": true
  },
  "supplementaries:recipes/checker": {
    "criteria": {
      "has_cobblestone": "2025-04-02 14:23:09 +0000"
    },
    "done": true
  },
  "securitycraft:recipes/building_blocks/reinforced_andesite": {
    "criteria": {
      "has_cobblestone": "2025-04-02 14:23:09 +0000"
    },
    "done": true
  },
  "securitycraft:recipes/building_blocks/reinforced_diorite": {
    "criteria": {
      "has_cobblestone": "2025-04-02 14:23:09 +0000"
    },
    "done": true
  },
  "minecraft:recipes/building_blocks/cobblestone_stairs_from_cobblestone_stonecutting": {
    "criteria": {
      "has_cobblestone": "2025-04-02 14:23:09 +0000"
    },
    "done": true
  },
  "minecraft:recipes/tools/stone_hoe": {
    "criteria": {
      "has_cobblestone": "2025-04-02 14:23:09 +0000"
    },
    "done": true
  },
  "farmersdelight:recipes/decorations/spruce_cabinet": {
    "criteria": {
      "has_spruce_trapdoor": "2025-04-02 14:26:35 +0000"
    },
    "done": true
  },
  "supplementaries:recipes/soap": {
    "criteria": {
      "has_water_bucket": "2025-04-02 14:28:32 +0000"
    },
    "done": true
  },
  "minecraft:recipes/brewing/cauldron": {
    "criteria": {
      "has_water_bucket": "2025-04-02 14:28:32 +0000"
    },
    "done": true
  },
  "minecraft:recipes/building_blocks/dark_oak_planks": {
    "criteria": {
      "has_log": "2025-04-02 14:30:54 +0000"
    },
    "done": true
  },
  "twilightforest:recipes/decorations/wood/dark_oak_banister": {
    "criteria": {
      "has_item": "2025-04-02 14:31:46 +0000"
    },
    "done": true
  },
  "backpacked:recipes/decorations/dark_oak_backpack_shelf": {
    "criteria": {
      "has_slab": "2025-04-02 14:31:46 +0000"
    },
    "done": true
  },
  "exoticbirds:recipes/dark_oak_birdcage": {
    "criteria": {
      "has_material": "2025-04-02 14:31:46 +0000"
    },
    "done": true
  },
  "securitycraft:recipes/misc/sentry": {
    "criteria": {
      "has_iron": "2025-04-02 14:47:09 +0000"
    },
    "done": true
  },
  "supplementaries:recipes/spring_launcher": {
    "criteria": {
      "has_iron_ingot": "2025-04-02 14:47:09 +0000"
    },
    "done": true
  },
  "exoticbirds:recipes/warped_birdcage": {
    "criteria": {
      "has_ingot": "2025-04-02 14:47:09 +0000"
    },
    "done": true
  },
  "supplementaries:recipes/candle_holders/candle_holder_blue": {
    "criteria": {
      "has_iron_ingot": "2025-04-02 14:47:09 +0000"
    },
    "done": true
  },
  "minecraft:recipes/combat/iron_helmet": {
    "criteria": {
      "has_iron_ingot": "2025-04-02 14:47:09 +0000"
    },
    "done": true
  },
  "supplementaries:recipes/candle_holders/candle_holder_lime": {
    "criteria": {
      "has_iron_ingot": "2025-04-02 14:47:09 +0000"
    },
    "done": true
  },
  "securitycraft:recipes/decorations/floor_trap": {
    "criteria": {
      "has_iron": "2025-04-02 14:47:09 +0000"
    },
    "done": true
  },
  "supplementaries:recipes/candle_holders/candle_holder_light_blue": {
    "criteria": {
      "has_iron_ingot": "2025-04-02 14:47:09 +0000"
    },
    "done": true
  },
  "supplementaries:recipes/candle_holders/candle_holder_gray": {
    "criteria": {
      "has_iron_ingot": "2025-04-02 14:47:09 +0000"
    },
    "done": true
  },
  "securitycraft:recipes/misc/storage_module": {
    "criteria": {
      "has_iron": "2025-04-02 14:47:09 +0000"
    },
    "done": true
  },
  "minecraft:recipes/tools/shears": {
    "criteria": {
      "has_iron_ingot": "2025-04-02 14:47:09 +0000"
    },
    "done": true
  },
  "exoticbirds:recipes/crimson_birdcage": {
    "criteria": {
      "has_ingot": "2025-04-02 14:47:09 +0000"
    },
    "done": true
  },
  "minecraft:recipes/building_blocks/iron_block": {
    "criteria": {
      "has_iron_ingot": "2025-04-02 14:47:09 +0000"
    },
    "done": true
  },
  "farmersdelight:recipes/decorations/cooking_pot": {
    "criteria": {
      "has_iron_ingot": "2025-04-02 14:47:09 +0000"
    },
    "done": true
  },
  "supplementaries:recipes/bomb": {
    "criteria": {
      "has_iron_ingot": "2025-04-02 14:47:09 +0000"
    },
    "done": true
  },
  "supplementaries:recipes/candle_holders/candle_holder_light_gray": {
    "criteria": {
      "has_iron_ingot": "2025-04-02 14:47:09 +0000"
    },
    "done": true
  },
  "securitycraft:recipes/transportation/track_mine": {
    "criteria": {
      "has_iron": "2025-04-02 14:47:09 +0000"
    },
    "done": true
  },
  "securitycraft:recipes/misc/whitelist_module": {
    "criteria": {
      "has_iron": "2025-04-02 14:47:09 +0000"
    },
    "done": true
  },
  "securitycraft:recipes/misc/security_camera": {
    "criteria": {
      "has_iron": "2025-04-02 14:47:09 +0000"
    },
    "done": true
  },
  "minecraft:recipes/redstone/hopper": {
    "criteria": {
      "has_iron_ingot": "2025-04-02 14:47:09 +0000"
    },
    "done": true
  },
  "securitycraft:recipes/misc/briefcase": {
    "criteria": {
      "has_iron": "2025-04-02 14:47:09 +0000"
    },
    "done": true
  },
  "securitycraft:recipes/redstone/reinforced_fence_gate": {
    "criteria": {
      "has_iron": "2025-04-02 14:47:09 +0000"
    },
    "done": true
  },
  "securitycraft:recipes/misc/electrified_iron_fence": {
    "criteria": {
      "has_iron": "2025-04-02 14:47:09 +0000"
    },
    "done": true
  },
  "supplementaries:recipes/candle_holders/candle_holder_orange": {
    "criteria": {
      "has_iron_ingot": "2025-04-02 14:47:09 +0000"
    },
    "done": true
  },
  "securitycraft:recipes/misc/keycard_lv5": {
    "criteria": {
      "has_iron": "2025-04-02 14:47:09 +0000"
    },
    "done": true
  },
  "securitycraft:recipes/misc/keycard_lv3": {
    "criteria": {
      "has_iron": "2025-04-02 14:47:09 +0000"
    },
    "done": true
  },
  "securitycraft:recipes/misc/keycard_lv4": {
    "criteria": {
      "has_iron": "2025-04-02 14:47:09 +0000"
    },
    "done": true
  },
  "securitycraft:recipes/misc/keycard_lv1": {
    "criteria": {
      "has_iron": "2025-04-02 14:47:09 +0000"
    },
    "done": true
  },
  "securitycraft:recipes/misc/keycard_lv2": {
    "criteria": {
      "has_iron": "2025-04-02 14:47:09 +0000"
    },
    "done": true
  },
  "supplementaries:recipes/candle_holders/candle_holder_purple": {
    "criteria": {
      "has_iron_ingot": "2025-04-02 14:47:09 +0000"
    },
    "done": true
  },
  "minecraft:recipes/combat/iron_boots": {
    "criteria": {
      "has_iron_ingot": "2025-04-02 14:47:09 +0000"
    },
    "done": true
  },
  "minecraft:recipes/decorations/lantern": {
    "criteria": {
      "has_iron_ingot": "2025-04-02 14:47:09 +0000"
    },
    "done": true
  },
  "securitycraft:recipes/misc/mine": {
    "criteria": {
      "has_iron": "2025-04-02 14:47:09 +0000"
    },
    "done": true
  },
  "supplementaries:recipes/candle_holders/candle_holder_red": {
    "criteria": {
      "has_iron_ingot": "2025-04-02 14:47:09 +0000"
    },
    "done": true
  },
  "minecraft:recipes/tools/iron_shovel": {
    "criteria": {
      "has_iron_ingot": "2025-04-02 14:47:09 +0000"
    },
    "done": true
  },
  "supplementaries:recipes/bubble_blower": {
    "criteria": {
      "has_iron_ingot": "2025-04-02 14:47:09 +0000"
    },
    "done": true
  },
  "exoticbirds:recipes/jungle_birdcage": {
    "criteria": {
      "has_ingot": "2025-04-02 14:47:09 +0000"
    },
    "done": true
  },
  "securitycraft:recipes/misc/trophy_system": {
    "criteria": {
      "has_iron": "2025-04-02 14:47:09 +0000"
    },
    "done": true
  },
  "minecraft:recipes/redstone/iron_trapdoor": {
    "criteria": {
      "has_iron_ingot": "2025-04-02 14:47:09 +0000"
    },
    "done": true
  },
  "minecraft:recipes/combat/crossbow": {
    "criteria": {
      "has_iron_ingot": "2025-04-02 14:47:09 +0000"
    },
    "done": true
  },
  "securitycraft:recipes/misc/speed_module": {
    "criteria": {
      "has_iron": "2025-04-02 14:47:09 +0000"
    },
    "done": true
  },
  "securitycraft:recipes/misc/camera_monitor": {
    "criteria": {
      "has_iron": "2025-04-02 14:47:09 +0000"
    },
    "done": true
  },
  "farmersdelight:recipes/combat/iron_knife": {
    "criteria": {
      "has_iron_ingot": "2025-04-02 14:47:09 +0000"
    },
    "done": true
  },
  "supplementaries:recipes/candle_holders/candle_holder_magenta": {
    "criteria": {
      "has_iron_ingot": "2025-04-02 14:47:09 +0000"
    },
    "done": true
  },
  "securitycraft:recipes/misc/redstone_module": {
    "criteria": {
      "has_iron": "2025-04-02 14:47:09 +0000"
    },
    "done": true
  },
  "securitycraft:recipes/misc/door_indestructible_iron_item": {
    "criteria": {
      "has_iron": "2025-04-02 14:47:09 +0000"
    },
    "done": true
  },
  "securitycraft:recipes/tools/universal_block_remover": {
    "criteria": {
      "has_iron": "2025-04-02 14:47:09 +0000"
    },
    "done": true
  },
  "minecraft:recipes/redstone/heavy_weighted_pressure_plate": {
    "criteria": {
      "has_iron_ingot": "2025-04-02 14:47:09 +0000"
    },
    "done": true
  },
  "minecraft:recipes/combat/iron_leggings": {
    "criteria": {
      "has_iron_ingot": "2025-04-02 14:47:09 +0000"
    },
    "done": true
  },
  "securitycraft:recipes/misc/blacklist_module": {
    "criteria": {
      "has_iron": "2025-04-02 14:47:09 +0000"
    },
    "done": true
  },
  "exoticbirds:recipes/iron_birdcage": {
    "criteria": {
      "has_material": "2025-04-02 14:47:09 +0000"
    },
    "done": true
  },
  "exoticbirds:recipes/birch_birdcage": {
    "criteria": {
      "has_ingot": "2025-04-02 14:47:09 +0000"
    },
    "done": true
  },
  "minecraft:recipes/combat/iron_chestplate": {
    "criteria": {
      "has_iron_ingot": "2025-04-02 14:47:09 +0000"
    },
    "done": true
  },
  "securitycraft:recipes/misc/limited_use_keycard": {
    "criteria": {
      "has_iron": "2025-04-02 14:47:09 +0000"
    },
    "done": true
  },
  "securitycraft:recipes/misc/bouncing_betty": {
    "criteria": {
      "has_iron": "2025-04-02 14:47:09 +0000"
    },
    "done": true
  },
  "minecraft:recipes/misc/iron_nugget": {
    "criteria": {
      "has_iron_ingot": "2025-04-02 14:47:09 +0000"
    },
    "done": true
  },
  "minecraft:recipes/misc/bucket": {
    "criteria": {
      "has_iron_ingot": "2025-04-02 14:47:09 +0000"
    },
    "done": true
  },
  "securitycraft:recipes/misc/disguise_module": {
    "criteria": {
      "has_iron": "2025-04-02 14:47:09 +0000"
    },
    "done": true
  },
  "minecraft:recipes/transportation/minecart": {
    "criteria": {
      "has_iron_ingot": "2025-04-02 14:47:09 +0000"
    },
    "done": true
  },
  "supplementaries:recipes/faucet": {
    "criteria": {
      "has_iron_ingot": "2025-04-02 14:47:09 +0000"
    },
    "done": true
  },
  "minecraft:recipes/tools/iron_hoe": {
    "criteria": {
      "has_iron_ingot": "2025-04-02 14:47:09 +0000"
    },
    "done": true
  },
  "supplementaries:recipes/candle_holders/candle_holder_pink": {
    "criteria": {
      "has_iron_ingot": "2025-04-02 14:47:09 +0000"
    },
    "done": true
  },
  "securitycraft:recipes/redstone/block_change_detector": {
    "criteria": {
      "has_iron": "2025-04-02 14:47:09 +0000"
    },
    "done": true
  },
  "minecraft:story/smelt_iron": {
    "criteria": {
      "iron": "2025-04-02 14:47:09 +0000"
    },
    "done": true
  },
  "supplementaries:recipes/candle_holders/candle_holder_white": {
    "criteria": {
      "has_iron_ingot": "2025-04-02 14:47:09 +0000"
    },
    "done": true
  },
  "exoticbirds:recipes/mangrove_birdcage": {
    "criteria": {
      "has_ingot": "2025-04-02 14:47:09 +0000"
    },
    "done": true
  },
  "minecraft:recipes/decorations/chain": {
    "criteria": {
      "has_iron_ingot": "2025-04-02 14:47:09 +0000"
    },
    "done": true
  },
  "exoticbirds:recipes/acacia_birdcage": {
    "criteria": {
      "has_ingot": "2025-04-02 14:47:09 +0000"
    },
    "done": true
  },
  "exoticbirds:recipes/cherry_birdcage": {
    "criteria": {
      "has_ingot": "2025-04-02 14:47:09 +0000"
    },
    "done": true
  },
  "minecraft:recipes/decorations/smithing_table": {
    "criteria": {
      "has_iron_ingot": "2025-04-02 14:47:09 +0000"
    },
    "done": true
  },
  "mca:recipes/misc/needle_and_thread": {
    "criteria": {
      "has_item": "2025-04-02 14:47:09 +0000"
    },
    "done": true
  },
  "mca:recipes/misc/whistle": {
    "criteria": {
      "has_item": "2025-04-02 14:47:09 +0000"
    },
    "done": true
  },
  "supplementaries:recipes/candle_holders/candle_holder_brown": {
    "criteria": {
      "has_iron_ingot": "2025-04-02 14:47:09 +0000"
    },
    "done": true
  },
  "supplementaries:recipes/goblet": {
    "criteria": {
      "has_iron_ingot": "2025-04-02 14:47:09 +0000"
    },
    "done": true
  },
  "minecraft:recipes/combat/iron_sword": {
    "criteria": {
      "has_iron_ingot": "2025-04-02 14:47:09 +0000"
    },
    "done": true
  },
  "minecraft:recipes/tools/iron_pickaxe": {
    "criteria": {
      "has_iron_ingot": "2025-04-02 14:47:09 +0000"
    },
    "done": true
  },
  "supplementaries:recipes/iron_gate": {
    "criteria": {
      "has_iron_ingot": "2025-04-02 14:47:09 +0000"
    },
    "done": true
  },
  "minecraft:recipes/combat/shield": {
    "criteria": {
      "has_iron_ingot": "2025-04-02 14:47:09 +0000"
    },
    "done": true
  },
  "minecraft:recipes/decorations/iron_bars": {
    "criteria": {
      "has_iron_ingot": "2025-04-02 14:47:09 +0000"
    },
    "done": true
  },
  "supplementaries:recipes/candle_holders/candle_holder_black": {
    "criteria": {
      "has_iron_ingot": "2025-04-02 14:47:09 +0000"
    },
    "done": true
  },
  "supplementaries:recipes/candle_holders/candle_holder_green": {
    "criteria": {
      "has_iron_ingot": "2025-04-02 14:47:09 +0000"
    },
    "done": true
  },
  "securitycraft:recipes/misc/harming_module": {
    "criteria": {
      "has_iron": "2025-04-02 14:47:09 +0000"
    },
    "done": true
  },
  "securitycraft:recipes/misc/smart_module": {
    "criteria": {
      "has_iron": "2025-04-02 14:47:09 +0000"
    },
    "done": true
  },
  "supplementaries:recipes/candle_holders/candle_holder": {
    "criteria": {
      "has_iron_ingot": "2025-04-02 14:47:09 +0000"
    },
    "done": true
  },
  "supplementaries:recipes/candle_holders/candle_holder_cyan": {
    "criteria": {
      "has_iron_ingot": "2025-04-02 14:47:09 +0000"
    },
    "done": true
  },
  "minecraft:recipes/tools/iron_axe": {
    "criteria": {
      "has_iron_ingot": "2025-04-02 14:47:09 +0000"
    },
    "done": true
  },
  "supplementaries:recipes/candle_holders/candle_holder_yellow": {
    "criteria": {
      "has_iron_ingot": "2025-04-02 14:47:09 +0000"
    },
    "done": true
  },
  "minecraft:recipes/redstone/iron_door": {
    "criteria": {
      "has_iron_ingot": "2025-04-02 14:47:09 +0000"
    },
    "done": true
  },
  "securitycraft:recipes/misc/crystal_quartz_item": {
    "criteria": {
      "has_prismarine_crystals": "2025-04-02 14:53:57 +0000"
    },
    "done": true
  },
  "minecraft:recipes/building_blocks/sea_lantern": {
    "criteria": {
      "has_prismarine_crystals": "2025-04-02 14:53:57 +0000"
    },
    "done": true
  },
  "minecraft:recipes/building_blocks/emerald_block": {
    "criteria": {
      "has_emerald": "2025-04-02 14:59:07 +0000"
    },
    "done": true
  },
  "minecraft:recipes/misc/conduit": {
    "criteria": {
      "has_nautilus_shell": "2025-04-02 15:01:18 +0000"
    },
    "done": true
  },
  "brewinandchewin:recipes/decorations/ice_crate": {
    "criteria": {
      "has_ice": "2025-04-02 15:03:05 +0000"
    },
    "done": true
  },
  "minecraft:recipes/building_blocks/blue_ice": {
    "criteria": {
      "has_packed_ice": "2025-04-02 15:03:05 +0000"
    },
    "done": true
  },
  "minecraft:recipes/building_blocks/packed_ice": {
    "criteria": {
      "has_ice": "2025-04-02 15:03:56 +0000"
    },
    "done": true
  },
  "farmersdelight:recipes/food/cooked_salmon_slice_from_campfire_cooking": {
    "criteria": {
      "cooked_salmon_slice": "2025-04-02 15:06:04 +0000"
    },
    "done": true
  },
  "farmersdelight:recipes/food/cabbage_from_leaves": {
    "criteria": {
      "has_cabbage_leaf": "2025-04-02 15:06:04 +0000"
    },
    "done": true
  },
  "farmersdelight:recipes/food/cooked_salmon_slice": {
    "criteria": {
      "cooked_salmon_slice": "2025-04-02 15:06:04 +0000"
    },
    "done": true
  },
  "minecraft:recipes/decorations/campfire": {
    "criteria": {
      "has_coal": "2025-04-02 15:06:04 +0000"
    },
    "done": true
  },
  "brewinandchewin:recipes/fermenting/kippers": {
    "criteria": {
      "has_fish": "2025-04-02 15:06:04 +0000"
    },
    "done": true
  },
  "farmersdelight:recipes/food/cooked_salmon_slice_from_smoking": {
    "criteria": {
      "cooked_salmon_slice": "2025-04-02 15:06:04 +0000"
    },
    "done": true
  },
  "farmersdelight:recipes/cooking/cabbage_rolls": {
    "criteria": {
      "has_any_ingredient": "2025-04-02 15:06:04 +0000"
    },
    "done": true
  },
  "farmersdelight:recipes/food/salmon_roll": {
    "criteria": {
      "has_salmon_slice": "2025-04-02 15:06:04 +0000"
    },
    "done": true
  },
  "minecraft:recipes/building_blocks/coal_block": {
    "criteria": {
      "has_coal": "2025-04-02 15:06:04 +0000"
    },
    "done": true
  },
  "farmersdelight:recipes/food/fried_egg_from_campfire_cooking": {
    "criteria": {
      "fried_egg": "2025-04-02 15:06:08 +0000"
    },
    "done": true
  },
  "farmersdelight:recipes/cooking/baked_cod_stew": {
    "criteria": {
      "has_any_ingredient": "2025-04-02 15:06:08 +0000"
    },
    "done": true
  },
  "farmersdelight:recipes/food/fried_egg_from_smoking": {
    "criteria": {
      "fried_egg": "2025-04-02 15:06:08 +0000"
    },
    "done": true
  },
  "minecraft:recipes/food/cake": {
    "criteria": {
      "has_egg": "2025-04-02 15:06:08 +0000"
    },
    "done": true
  },
  "supplementaries:recipes/pancake_fd": {
    "criteria": {
      "forge:eggs": "2025-04-02 15:06:08 +0000"
    },
    "done": true
  },
  "farmersdelight:recipes/cooking/fried_rice": {
    "criteria": {
      "has_any_ingredient": "2025-04-02 15:06:08 +0000"
    },
    "done": true
  },
  "mca:recipes/misc/potions": {
    "criteria": {
      "has_item": "2025-04-02 15:06:08 +0000"
    },
    "done": true
  },
  "farmersdelight:recipes/food/fried_egg": {
    "criteria": {
      "fried_egg": "2025-04-02 15:06:08 +0000"
    },
    "done": true
  },
  "supplementaries:recipes/building_blocks/born_in_chaos_v1/sign_post_scorched": {
    "criteria": {
      "has_item": "2025-04-02 15:25:25 +0000"
    },
    "done": true
  },
  "mca:recipes/decorations/orange_dark_oak_crib": {
    "criteria": {
      "has_dark_oak_planks": "2025-04-02 15:57:22 +0000"
    },
    "done": true
  },
  "mca:recipes/decorations/gray_dark_oak_crib": {
    "criteria": {
      "has_dark_oak_planks": "2025-04-02 15:57:22 +0000"
    },
    "done": true
  },
  "supplementaries:recipes/decorations/sign_post_dark_oak": {
    "criteria": {
      "has_item": "2025-04-02 15:57:22 +0000"
    },
    "done": true
  },
  "minecraft:recipes/building_blocks/dark_oak_stairs": {
    "criteria": {
      "has_planks": "2025-04-02 15:57:22 +0000"
    },
    "done": true
  },
  "mca:recipes/decorations/light_gray_dark_oak_crib": {
    "criteria": {
      "has_dark_oak_planks": "2025-04-02 15:57:22 +0000"
    },
    "done": true
  },
  "minecraft:recipes/redstone/dark_oak_door": {
    "criteria": {
      "has_planks": "2025-04-02 15:57:22 +0000"
    },
    "done": true
  },
  "mca:recipes/decorations/pink_dark_oak_crib": {
    "criteria": {
      "has_dark_oak_planks": "2025-04-02 15:57:22 +0000"
    },
    "done": true
  },
  "minecraft:recipes/decorations/dark_oak_sign": {
    "criteria": {
      "has_planks": "2025-04-02 15:57:22 +0000"
    },
    "done": true
  },
  "minecraft:recipes/redstone/dark_oak_fence_gate": {
    "criteria": {
      "has_planks": "2025-04-02 15:57:22 +0000"
    },
    "done": true
  },
  "supplementaries:recipes/sign_post_dark_oak": {
    "criteria": {
      "has_the_recipe": "2025-04-02 15:57:22 +0000"
    },
    "done": true
  },
  "minecraft:recipes/redstone/dark_oak_trapdoor": {
    "criteria": {
      "has_planks": "2025-04-02 15:57:22 +0000"
    },
    "done": true
  },
  "mca:recipes/decorations/cyan_dark_oak_crib": {
    "criteria": {
      "has_dark_oak_planks": "2025-04-02 15:57:22 +0000"
    },
    "done": true
  },
  "mca:recipes/decorations/magenta_dark_oak_crib": {
    "criteria": {
      "has_dark_oak_planks": "2025-04-02 15:57:22 +0000"
    },
    "done": true
  },
  "minecraft:recipes/redstone/dark_oak_button": {
    "criteria": {
      "has_planks": "2025-04-02 15:57:22 +0000"
    },
    "done": true
  },
  "minecraft:recipes/redstone/dark_oak_pressure_plate": {
    "criteria": {
      "has_planks": "2025-04-02 15:57:22 +0000"
    },
    "done": true
  },
  "minecraft:recipes/decorations/dark_oak_fence": {
    "criteria": {
      "has_planks": "2025-04-02 15:57:22 +0000"
    },
    "done": true
  },
  "mca:recipes/decorations/purple_dark_oak_crib": {
    "criteria": {
      "has_dark_oak_planks": "2025-04-02 15:57:22 +0000"
    },
    "done": true
  },
  "minecraft:recipes/building_blocks/dark_oak_slab": {
    "criteria": {
      "has_planks": "2025-04-02 15:57:22 +0000"
    },
    "done": true
  },
  "mca:recipes/decorations/brown_dark_oak_crib": {
    "criteria": {
      "has_dark_oak_planks": "2025-04-02 15:57:22 +0000"
    },
    "done": true
  },
  "mca:recipes/decorations/blue_dark_oak_crib": {
    "criteria": {
      "has_dark_oak_planks": "2025-04-02 15:57:22 +0000"
    },
    "done": true
  },
  "mca:recipes/decorations/light_blue_dark_oak_crib": {
    "criteria": {
      "has_dark_oak_planks": "2025-04-02 15:57:22 +0000"
    },
    "done": true
  },
  "mca:recipes/decorations/green_dark_oak_crib": {
    "criteria": {
      "has_dark_oak_planks": "2025-04-02 15:57:22 +0000"
    },
    "done": true
  },
  "mca:recipes/decorations/black_dark_oak_crib": {
    "criteria": {
      "has_dark_oak_planks": "2025-04-02 15:57:22 +0000"
    },
    "done": true
  },
  "mca:recipes/decorations/white_dark_oak_crib": {
    "criteria": {
      "has_dark_oak_planks": "2025-04-02 15:57:22 +0000"
    },
    "done": true
  },
  "mca:recipes/decorations/lime_dark_oak_crib": {
    "criteria": {
      "has_dark_oak_planks": "2025-04-02 15:57:22 +0000"
    },
    "done": true
  },
  "mca:recipes/decorations/red_dark_oak_crib": {
    "criteria": {
      "has_dark_oak_planks": "2025-04-02 15:57:22 +0000"
    },
    "done": true
  },
  "mca:recipes/decorations/yellow_dark_oak_crib": {
    "criteria": {
      "has_dark_oak_planks": "2025-04-02 15:57:22 +0000"
    },
    "done": true
  },
  "minecraft:recipes/misc/emerald": {
    "criteria": {
      "has_emerald_block": "2025-04-02 16:24:48 +0000"
    },
    "done": true
  },
  "minecraft:recipes/misc/gold_ingot_from_gold_block": {
    "criteria": {
      "has_gold_block": "2025-04-02 16:54:18 +0000"
    },
    "done": true
  },
  "iceandfire:iceandfire/dragonsteel_weapon": {
    "criteria": {
      "sword": "2025-04-02 16:57:15 +0000"
    },
    "done": true
  },
  "minecraft:adventure/root": {
    "criteria": {
      "killed_something": "2025-04-02 16:57:40 +0000"
    },
    "done": true
  },
  "iceandfire:iceandfire/kill_if_dragon": {
    "criteria": {
      "killed_ice_dragon": "2025-04-02 17:00:04 +0000"
    },
    "done": true
  },
  "iceandfire:recipes/misc/silver_ingot_to_silver_nugget": {
    "criteria": {
      "has_silver_ingot": "2025-04-02 17:00:18 +0000"
    },
    "done": true
  },
  "iceandfire:recipes/building_blocks/silver_ingot_to_silver_block": {
    "criteria": {
      "has_silver_ingot": "2025-04-02 17:00:18 +0000"
    },
    "done": true
  },
  "iceandfire:iceandfire/kill_cyclops": {
    "criteria": {
      "killed_fire_dragon": "2025-04-02 17:00:47 +0000"
    },
    "done": true
  },
  "iceandfire:recipes/misc/dragon_ice_spikes": {
    "criteria": {
      "has_item": "2025-04-02 17:02:09 +0000"
    },
    "done": true
  },
  "graveyard:graveyard/kill_graveyard_mob": {
    "criteria": {
      "skeleton_creeper": "2025-04-02 17:03:35 +0000"
    },
    "done": true
  },
  "minecraft:recipes/building_blocks/deepslate_tile_stairs_from_deepslate_tiles_stonecutting": {
    "criteria": {
      "has_deepslate_tiles": "2025-04-03 14:13:33 +0000"
    },
    "done": true
  },
  "minecraft:recipes/decorations/deepslate_tile_wall_from_deepslate_tiles_stonecutting": {
    "criteria": {
      "has_deepslate_tiles": "2025-04-03 14:13:33 +0000"
    },
    "done": true
  },
  "minecraft:recipes/decorations/deepslate_tile_wall": {
    "criteria": {
      "has_deepslate_tiles": "2025-04-03 14:13:33 +0000"
    },
    "done": true
  },
  "minecraft:recipes/building_blocks/cracked_deepslate_tiles": {
    "criteria": {
      "has_deepslate_tiles": "2025-04-03 14:13:33 +0000"
    },
    "done": true
  },
  "minecraft:recipes/building_blocks/deepslate_tile_slab_from_deepslate_tiles_stonecutting": {
    "criteria": {
      "has_deepslate_tiles": "2025-04-03 14:13:33 +0000"
    },
    "done": true
  },
  "minecraft:recipes/building_blocks/deepslate_tile_stairs": {
    "criteria": {
      "has_deepslate_tiles": "2025-04-03 14:13:33 +0000"
    },
    "done": true
  },
  "minecraft:recipes/building_blocks/deepslate_tile_slab": {
    "criteria": {
      "has_deepslate_tiles": "2025-04-03 14:13:33 +0000"
    },
    "done": true
  },
  "minecraft:recipes/building_blocks/polished_andesite_stairs_from_polished_andesite_stonecutting": {
    "criteria": {
      "has_polished_andesite": "2025-04-03 14:15:38 +0000"
    },
    "done": true
  },
  "minecraft:recipes/building_blocks/polished_andesite_slab": {
    "criteria": {
      "has_polished_andesite": "2025-04-03 14:15:38 +0000"
    },
    "done": true
  },
  "minecraft:recipes/building_blocks/polished_andesite_stairs": {
    "criteria": {
      "has_polished_andesite": "2025-04-03 14:15:38 +0000"
    },
    "done": true
  },
  "minecraft:recipes/building_blocks/polished_andesite_slab_from_polished_andesite_stonecutting": {
    "criteria": {
      "has_polished_andesite": "2025-04-03 14:15:38 +0000"
    },
    "done": true
  },
  "mca:recipes/misc/staff_of_life": {
    "criteria": {
      "has_item": "2025-04-03 14:27:54 +0000"
    },
    "done": true
  },
  "minecraft:recipes/combat/chainmail_helmet": {
    "criteria": {
      "has_item": "2025-04-03 14:27:59 +0000"
    },
    "done": true
  },
  "minecraft:recipes/combat/chainmail_leggings": {
    "criteria": {
      "has_item": "2025-04-03 14:27:59 +0000"
    },
    "done": true
  },
  "iceandfire:recipes/misc/chain": {
    "criteria": {
      "has_item": "2025-04-03 14:27:59 +0000"
    },
    "done": true
  },
  "minecraft:recipes/combat/chainmail_boots": {
    "criteria": {
      "has_item": "2025-04-03 14:27:59 +0000"
    },
    "done": true
  },
  "minecraft:recipes/combat/chainmail_chestplate": {
    "criteria": {
      "has_item": "2025-04-03 14:27:59 +0000"
    },
    "done": true
  },
  "minecraft:recipes/redstone/target": {
    "criteria": {
      "has_hay_block": "2025-04-08 18:24:07 +0000"
    },
    "done": true
  },
  "supplementaries:recipes/fodder": {
    "criteria": {
      "has_hay_block": "2025-04-08 18:24:07 +0000"
    },
    "done": true
  },
  "minecraft:recipes/misc/wheat": {
    "criteria": {
      "has_hay_block": "2025-04-08 18:24:07 +0000"
    },
    "done": true
  },
  "minecraft:recipes/building_blocks/stone_bricks": {
    "criteria": {
      "has_stone": "2025-04-08 18:33:37 +0000"
    },
    "done": true
  },
  "minecraft:recipes/building_blocks/stone_bricks_from_stone_stonecutting": {
    "criteria": {
      "has_stone": "2025-04-08 18:33:37 +0000"
    },
    "done": true
  },
  "minecraft:recipes/building_blocks/stone_slab": {
    "criteria": {
      "has_stone": "2025-04-08 18:33:37 +0000"
    },
    "done": true
  },
  "minecraft:recipes/building_blocks/stone_stairs_from_stone_stonecutting": {
    "criteria": {
      "has_stone": "2025-04-08 18:33:37 +0000"
    },
    "done": true
  },
  "minecraft:recipes/redstone/stone_button": {
    "criteria": {
      "has_stone": "2025-04-08 18:33:37 +0000"
    },
    "done": true
  },
  "minecraft:recipes/redstone/stone_pressure_plate": {
    "criteria": {
      "has_stone": "2025-04-08 18:33:37 +0000"
    },
    "done": true
  },
  "supplementaries:recipes/stone_lamp": {
    "criteria": {
      "has_stone": "2025-04-08 18:33:37 +0000"
    },
    "done": true
  },
  "minecraft:recipes/building_blocks/stone_stairs": {
    "criteria": {
      "has_stone": "2025-04-08 18:33:37 +0000"
    },
    "done": true
  },
  "minecraft:recipes/decorations/stonecutter": {
    "criteria": {
      "has_stone": "2025-04-08 18:33:37 +0000"
    },
    "done": true
  },
  "minecraft:recipes/building_blocks/smooth_stone": {
    "criteria": {
      "has_stone": "2025-04-08 18:33:37 +0000"
    },
    "done": true
  },
  "minecraft:recipes/decorations/stone_brick_walls_from_stone_stonecutting": {
    "criteria": {
      "has_stone": "2025-04-08 18:33:37 +0000"
    },
    "done": true
  },
  "minecraft:recipes/building_blocks/stone_brick_slab_from_stone_stonecutting": {
    "criteria": {
      "has_stone": "2025-04-08 18:33:37 +0000"
    },
    "done": true
  },
  "minecraft:recipes/building_blocks/stone_brick_stairs_from_stone_stonecutting": {
    "criteria": {
      "has_stone": "2025-04-08 18:33:37 +0000"
    },
    "done": true
  },
  "minecraft:recipes/building_blocks/stone_slab_from_stone_stonecutting": {
    "criteria": {
      "has_stone": "2025-04-08 18:33:37 +0000"
    },
    "done": true
  },
  "minecraft:recipes/building_blocks/chiseled_stone_bricks_stone_from_stonecutting": {
    "criteria": {
      "has_stone": "2025-04-08 18:33:37 +0000"
    },
    "done": true
  },
  "minecraft:recipes/building_blocks/andesite_stairs": {
    "criteria": {
      "has_andesite": "2025-04-08 18:33:57 +0000"
    },
    "done": true
  },
  "minecraft:recipes/building_blocks/polished_andesite_from_andesite_stonecutting": {
    "criteria": {
      "has_andesite": "2025-04-08 18:33:57 +0000"
    },
    "done": true
  },
  "minecraft:recipes/building_blocks/polished_andesite_stairs_from_andesite_stonecutting": {
    "criteria": {
      "has_andesite": "2025-04-08 18:33:57 +0000"
    },
    "done": true
  },
  "minecraft:recipes/decorations/andesite_wall_from_andesite_stonecutting": {
    "criteria": {
      "has_andesite": "2025-04-08 18:33:57 +0000"
    },
    "done": true
  },
  "minecraft:recipes/building_blocks/polished_andesite_slab_from_andesite_stonecutting": {
    "criteria": {
      "has_andesite": "2025-04-08 18:33:57 +0000"
    },
    "done": true
  },
  "minecraft:recipes/building_blocks/andesite_slab_from_andesite_stonecutting": {
    "criteria": {
      "has_andesite": "2025-04-08 18:33:57 +0000"
    },
    "done": true
  },
  "minecraft:recipes/building_blocks/andesite_stairs_from_andesite_stonecutting": {
    "criteria": {
      "has_andesite": "2025-04-08 18:33:57 +0000"
    },
    "done": true
  },
  "minecraft:recipes/building_blocks/polished_andesite": {
    "criteria": {
      "has_andesite": "2025-04-08 18:33:57 +0000"
    },
    "done": true
  },
  "minecraft:recipes/decorations/andesite_wall": {
    "criteria": {
      "has_andesite": "2025-04-08 18:33:57 +0000"
    },
    "done": true
  },
  "minecraft:recipes/building_blocks/andesite_slab": {
    "criteria": {
      "has_andesite": "2025-04-08 18:33:57 +0000"
    },
    "done": true
  },
  "minecraft:recipes/misc/gold_ingot_from_blasting_raw_gold": {
    "criteria": {
      "has_raw_gold": "2025-04-08 18:37:02 +0000"
    },
    "done": true
  },
  "minecraft:recipes/misc/gold_ingot_from_smelting_raw_gold": {
    "criteria": {
      "has_raw_gold": "2025-04-08 18:37:02 +0000"
    },
    "done": true
  },
  "minecraft:recipes/building_blocks/raw_gold_block": {
    "criteria": {
      "has_raw_gold": "2025-04-08 18:37:02 +0000"
    },
    "done": true
  },
  "mca:recipes/misc/rose_gold_dust": {
    "criteria": {
      "has_item": "2025-04-08 18:37:02 +0000"
    },
    "done": true
  },
  "minecraft:recipes/misc/bone_meal": {
    "criteria": {
      "has_bone": "2025-04-08 18:43:09 +0000"
    },
    "done": true
  },
  "farmersdelight:recipes/cooking/bone_broth": {
    "criteria": {
      "has_bone": "2025-04-08 18:43:09 +0000"
    },
    "done": true
  },
  "minecraft:recipes/misc/netherite_scrap_from_blasting": {
    "criteria": {
      "has_ancient_debris": "2025-04-08 18:51:52 +0000"
    },
    "done": true
  },
  "minecraft:nether/obtain_ancient_debris": {
    "criteria": {
      "ancient_debris": "2025-04-08 18:51:52 +0000"
    },
    "done": true
  },
  "minecraft:recipes/misc/netherite_scrap": {
    "criteria": {
      "has_ancient_debris": "2025-04-08 18:51:52 +0000"
    },
    "done": true
  },
  "minecraft:adventure/kill_all_mobs": {
    "criteria": {
      "minecraft:skeleton": "2025-04-14 13:54:18 +0000",
      "minecraft:spider": "2025-04-14 10:38:13 +0000",
      "minecraft:enderman": "2025-04-08 18:57:48 +0000",
      "minecraft:zombie": "2025-04-08 18:57:38 +0000"
    },
    "done": false
  },
  "minecraft:adventure/kill_a_mob": {
    "criteria": {
      "minecraft:zombie": "2025-04-08 18:57:38 +0000"
    },
    "done": true
  },
  "born_in_chaos_v1:arachnophobes_nightmare": {
    "criteria": {
      "arachnophobes_nightmare_0": "2025-04-08 19:01:42 +0000"
    },
    "done": true
  },
  "minecraft:recipes/misc/iron_ingot_from_iron_block": {
    "criteria": {
      "has_iron_block": "2025-04-08 19:02:26 +0000"
    },
    "done": true
  },
  "minecraft:recipes/decorations/anvil": {
    "criteria": {
      "has_iron_block": "2025-04-08 19:02:26 +0000"
    },
    "done": true
  },
  "supplementaries:recipes/crystal_display": {
    "criteria": {
      "has_deepslate": "2025-04-08 19:29:11 +0000"
    },
    "done": true
  },
  "supplementaries:recipes/deepslate_lamp": {
    "criteria": {
      "has_deepslate": "2025-04-08 19:29:11 +0000"
    },
    "done": true
  },
  "minecraft:recipes/building_blocks/smooth_basalt": {
    "criteria": {
      "has_basalt": "2025-04-08 19:29:31 +0000"
    },
    "done": true
  },
  "minecraft:recipes/building_blocks/polished_basalt": {
    "criteria": {
      "has_basalt": "2025-04-08 19:29:31 +0000"
    },
    "done": true
  },
  "minecraft:recipes/building_blocks/polished_basalt_from_basalt_stonecutting": {
    "criteria": {
      "has_basalt": "2025-04-08 19:29:31 +0000"
    },
    "done": true
  },
  "minecraft:recipes/building_blocks/packed_mud": {
    "criteria": {
      "has_mud": "2025-04-08 19:29:37 +0000"
    },
    "done": true
  },
  "minecraft:recipes/brewing/golden_carrot": {
    "criteria": {
      "has_gold_nugget": "2025-04-08 19:31:10 +0000"
    },
    "done": true
  },
  "iceandfire:recipes/food/gold_pile": {
    "criteria": {
      "has_item": "2025-04-08 19:31:10 +0000"
    },
    "done": true
  },
  "minecraft:recipes/misc/gold_ingot_from_nuggets": {
    "criteria": {
      "has_gold_nugget": "2025-04-08 19:31:10 +0000"
    },
    "done": true
  },
  "supplementaries:recipes/key": {
    "criteria": {
      "has_gold_nugget": "2025-04-08 19:31:10 +0000"
    },
    "done": true
  },
  "minecraft:recipes/building_blocks/mangrove_planks": {
    "criteria": {
      "has_logs": "2025-04-08 19:54:32 +0000"
    },
    "done": true
  },
  "securitycraft:recipes/misc/keypad_item": {
    "criteria": {
      "has_stone_button": "2025-04-08 20:49:51 +0000"
    },
    "done": true
  },
  "minecraft:recipes/decorations/polished_deepslate_wall": {
    "criteria": {
      "has_polished_deepslate": "2025-04-09 12:38:05 +0000"
    },
    "done": true
  },
  "minecraft:recipes/building_blocks/deepslate_bricks": {
    "criteria": {
      "has_polished_deepslate": "2025-04-09 12:38:05 +0000"
    },
    "done": true
  },
  "minecraft:recipes/building_blocks/polished_deepslate_slab": {
    "criteria": {
      "has_polished_deepslate": "2025-04-09 12:38:05 +0000"
    },
    "done": true
  },
  "minecraft:recipes/building_blocks/polished_deepslate_slab_from_polished_deepslate_stonecutting": {
    "criteria": {
      "has_polished_deepslate": "2025-04-09 12:38:05 +0000"
    },
    "done": true
  },
  "minecraft:recipes/building_blocks/deepslate_tile_slab_from_polished_deepslate_stonecutting": {
    "criteria": {
      "has_polished_deepslate": "2025-04-09 12:38:05 +0000"
    },
    "done": true
  },
  "minecraft:recipes/decorations/deepslate_brick_wall_from_polished_deepslate_stonecutting": {
    "criteria": {
      "has_polished_deepslate": "2025-04-09 12:38:05 +0000"
    },
    "done": true
  },
  "minecraft:recipes/building_blocks/polished_deepslate_stairs": {
    "criteria": {
      "has_polished_deepslate": "2025-04-09 12:38:05 +0000"
    },
    "done": true
  },
  "minecraft:recipes/building_blocks/deepslate_tile_stairs_from_polished_deepslate_stonecutting": {
    "criteria": {
      "has_polished_deepslate": "2025-04-09 12:38:05 +0000"
    },
    "done": true
  },
  "minecraft:recipes/building_blocks/polished_deepslate_stairs_from_polished_deepslate_stonecutting": {
    "criteria": {
      "has_polished_deepslate": "2025-04-09 12:38:05 +0000"
    },
    "done": true
  },
  "minecraft:recipes/building_blocks/deepslate_bricks_from_polished_deepslate_stonecutting": {
    "criteria": {
      "has_polished_deepslate": "2025-04-09 12:38:05 +0000"
    },
    "done": true
  },
  "minecraft:recipes/decorations/deepslate_tile_wall_from_polished_deepslate_stonecutting": {
    "criteria": {
      "has_polished_deepslate": "2025-04-09 12:38:05 +0000"
    },
    "done": true
  },
  "minecraft:recipes/building_blocks/deepslate_brick_slab_from_polished_deepslate_stonecutting": {
    "criteria": {
      "has_polished_deepslate": "2025-04-09 12:38:05 +0000"
    },
    "done": true
  },
  "minecraft:recipes/decorations/polished_deepslate_wall_from_polished_deepslate_stonecutting": {
    "criteria": {
      "has_polished_deepslate": "2025-04-09 12:38:05 +0000"
    },
    "done": true
  },
  "minecraft:recipes/building_blocks/deepslate_tiles_from_polished_deepslate_stonecutting": {
    "criteria": {
      "has_polished_deepslate": "2025-04-09 12:38:05 +0000"
    },
    "done": true
  },
  "minecraft:recipes/building_blocks/deepslate_brick_stairs_from_polished_deepslate_stonecutting": {
    "criteria": {
      "has_polished_deepslate": "2025-04-09 12:38:05 +0000"
    },
    "done": true
  },
  "born_in_chaos_v1:big_boy": {
    "criteria": {
      "big_boy_0": "2025-04-09 12:46:04 +0000"
    },
    "done": true
  },
  "minecraft:recipes/misc/coal": {
    "criteria": {
      "has_coal_block": "2025-04-09 12:55:22 +0000"
    },
    "done": true
  },
  "minecraft:recipes/decorations/black_carpet": {
    "criteria": {
      "has_black_wool": "2025-04-09 13:32:33 +0000"
    },
    "done": true
  },
  "minecraft:recipes/decorations/black_bed": {
    "criteria": {
      "has_black_wool": "2025-04-09 13:32:33 +0000"
    },
    "done": true
  },
  "supplementaries:recipes/flags/flag_black": {
    "criteria": {
      "has_black_wool": "2025-04-09 13:32:33 +0000"
    },
    "done": true
  },
  "minecraft:recipes/decorations/painting": {
    "criteria": {
      "has_wool": "2025-04-09 13:32:33 +0000"
    },
    "done": true
  },
  "comforts:sleeping_bag_black": {
    "criteria": {
      "has_black_wool": "2025-04-09 13:32:33 +0000"
    },
    "done": true
  },
  "minecraft:recipes/decorations/black_banner": {
    "criteria": {
      "has_black_wool": "2025-04-09 13:32:33 +0000"
    },
    "done": true
  },
  "comforts:hammock_black": {
    "criteria": {
      "has_black_wool": "2025-04-09 13:32:33 +0000"
    },
    "done": true
  },
  "iceandfire:recipes/misc/dragonscale_black_to_dragonscales_black": {
    "criteria": {
      "has_dragonscale_black": "2025-04-09 13:32:55 +0000"
    },
    "done": true
  },
  "minecraft:recipes/redstone/lightning_rod": {
    "criteria": {
      "has_copper_ingot": "2025-04-12 14:20:17 +0000"
    },
    "done": true
  },
  "supplementaries:recipes/cog_block": {
    "criteria": {
      "has_copper_ingot": "2025-04-12 14:20:17 +0000"
    },
    "done": true
  },
  "supplementaries:recipes/wrench": {
    "criteria": {
      "has_copper_ingot": "2025-04-12 14:20:17 +0000"
    },
    "done": true
  },
  "minecraft:recipes/building_blocks/copper_block": {
    "criteria": {
      "has_copper_ingot": "2025-04-12 14:20:17 +0000"
    },
    "done": true
  },
  "minecraft:recipes/tools/brush": {
    "criteria": {
      "has_copper_ingot": "2025-04-12 14:20:17 +0000"
    },
    "done": true
  },
  "immersive_melodies:misc/instruments": {
    "criteria": {
      "has_item": "2025-04-12 14:20:17 +0000"
    },
    "done": true
  },
  "supplementaries:recipes/altimeter": {
    "criteria": {
      "has_copper_ingot": "2025-04-12 14:20:17 +0000"
    },
    "done": true
  },
  "iceandfire:recipes/misc/copper_ingot_to_nuggets": {
    "criteria": {
      "has_item": "2025-04-12 14:20:17 +0000"
    },
    "done": true
  },
  "minecraft:recipes/building_blocks/jungle_planks": {
    "criteria": {
      "has_logs": "2025-04-12 14:20:52 +0000"
    },
    "done": true
  },
  "smallships:recipes/transportation/bamboo_galley": {
    "criteria": {
      "in_water": "2025-04-12 14:52:21 +0000"
    },
    "done": true
  },
  "deeperdarker:recipes/transportation/echo_boat": {
    "criteria": {
      "in_water": "2025-04-12 14:52:21 +0000"
    },
    "done": true
  },
  "smallships:recipes/transportation/spruce_cog": {
    "criteria": {
      "in_water": "2025-04-12 14:52:21 +0000"
    },
    "done": true
  },
  "smallships:recipes/transportation/acacia_cog": {
    "criteria": {
      "in_water": "2025-04-12 14:52:21 +0000"
    },
    "done": true
  },
  "deeperdarker:recipes/transportation/bloom_boat": {
    "criteria": {
      "in_water": "2025-04-12 14:52:21 +0000"
    },
    "done": true
  },
  "smallships:recipes/transportation/jungle_cog": {
    "criteria": {
      "in_water": "2025-04-12 14:52:21 +0000"
    },
    "done": true
  },
  "smallships:recipes/transportation/dark_oak_brigg": {
    "criteria": {
      "in_water": "2025-04-12 14:52:21 +0000"
    },
    "done": true
  },
  "smallships:recipes/transportation/birch_galley": {
    "criteria": {
      "in_water": "2025-04-12 14:52:21 +0000"
    },
    "done": true
  },
  "minecraft:recipes/transportation/cherry_boat": {
    "criteria": {
      "in_water": "2025-04-12 14:52:21 +0000"
    },
    "done": true
  },
  "smallships:recipes/transportation/oak_drakkar": {
    "criteria": {
      "in_water": "2025-04-12 14:52:21 +0000"
    },
    "done": true
  },
  "minecraft:recipes/transportation/bamboo_raft": {
    "criteria": {
      "in_water": "2025-04-12 14:52:21 +0000"
    },
    "done": true
  },
  "smallships:recipes/transportation/mangrove_brigg": {
    "criteria": {
      "in_water": "2025-04-12 14:52:21 +0000"
    },
    "done": true
  },
  "smallships:recipes/transportation/jungle_brigg": {
    "criteria": {
      "in_water": "2025-04-12 14:52:21 +0000"
    },
    "done": true
  },
  "smallships:recipes/transportation/spruce_galley": {
    "criteria": {
      "in_water": "2025-04-12 14:52:21 +0000"
    },
    "done": true
  },
  "smallships:recipes/transportation/birch_cog": {
    "criteria": {
      "in_water": "2025-04-12 14:52:21 +0000"
    },
    "done": true
  },
  "smallships:recipes/transportation/mangrove_drakkar": {
    "criteria": {
      "in_water": "2025-04-12 14:52:21 +0000"
    },
    "done": true
  },
  "smallships:recipes/misc/sail": {
    "criteria": {
      "in_water": "2025-04-12 14:52:21 +0000"
    },
    "done": true
  },
  "smallships:recipes/transportation/acacia_galley": {
    "criteria": {
      "in_water": "2025-04-12 14:52:21 +0000"
    },
    "done": true
  },
  "minecraft:recipes/transportation/acacia_boat": {
    "criteria": {
      "in_water": "2025-04-12 14:52:21 +0000"
    },
    "done": true
  },
  "smallships:recipes/transportation/jungle_galley": {
    "criteria": {
      "in_water": "2025-04-12 14:52:21 +0000"
    },
    "done": true
  },
  "smallships:recipes/transportation/dark_oak_galley": {
    "criteria": {
      "in_water": "2025-04-12 14:52:21 +0000"
    },
    "done": true
  },
  "smallships:recipes/transportation/bamboo_brigg": {
    "criteria": {
      "in_water": "2025-04-12 14:52:21 +0000"
    },
    "done": true
  },
  "smallships:recipes/transportation/spruce_drakkar": {
    "criteria": {
      "in_water": "2025-04-12 14:52:21 +0000"
    },
    "done": true
  },
  "minecraft:recipes/transportation/jungle_boat": {
    "criteria": {
      "in_water": "2025-04-12 14:52:21 +0000"
    },
    "done": true
  },
  "twilightforest:recipes/transportation/twilight_oak_boat": {
    "criteria": {
      "in_water": "2025-04-12 14:52:21 +0000"
    },
    "done": true
  },
  "twilightforest:recipes/transportation/time_boat": {
    "criteria": {
      "in_water": "2025-04-12 14:52:21 +0000"
    },
    "done": true
  },
  "twilightforest:recipes/transportation/mining_boat": {
    "criteria": {
      "in_water": "2025-04-12 14:52:21 +0000"
    },
    "done": true
  },
  "smallships:recipes/transportation/oak_brigg": {
    "criteria": {
      "in_water": "2025-04-12 14:52:21 +0000"
    },
    "done": true
  },
  "smallships:recipes/transportation/bamboo_cog": {
    "criteria": {
      "in_water": "2025-04-12 14:52:21 +0000"
    },
    "done": true
  },
  "twilightforest:recipes/transportation/mangrove_boat": {
    "criteria": {
      "in_water": "2025-04-12 14:52:21 +0000"
    },
    "done": true
  },
  "twilightforest:recipes/transportation/transformation_boat": {
    "criteria": {
      "in_water": "2025-04-12 14:52:21 +0000"
    },
    "done": true
  },
  "smallships:recipes/transportation/oak_cog": {
    "criteria": {
      "in_water": "2025-04-12 14:52:21 +0000"
    },
    "done": true
  },
  "smallships:recipes/transportation/oak_galley": {
    "criteria": {
      "in_water": "2025-04-12 14:52:21 +0000"
    },
    "done": true
  },
  "minecraft:recipes/transportation/spruce_boat": {
    "criteria": {
      "in_water": "2025-04-12 14:52:21 +0000"
    },
    "done": true
  },
  "smallships:recipes/transportation/acacia_brigg": {
    "criteria": {
      "in_water": "2025-04-12 14:52:21 +0000"
    },
    "done": true
  },
  "minecraft:recipes/transportation/birch_boat": {
    "criteria": {
      "in_water": "2025-04-12 14:52:21 +0000"
    },
    "done": true
  },
  "minecraft:recipes/transportation/oak_boat": {
    "criteria": {
      "in_water": "2025-04-12 14:52:21 +0000"
    },
    "done": true
  },
  "smallships:recipes/transportation/mangrove_galley": {
    "criteria": {
      "in_water": "2025-04-12 14:52:21 +0000"
    },
    "done": true
  },
  "smallships:recipes/transportation/dark_oak_cog": {
    "criteria": {
      "in_water": "2025-04-12 14:52:21 +0000"
    },
    "done": true
  },
  "smallships:recipes/transportation/birch_drakkar": {
    "criteria": {
      "in_water": "2025-04-12 14:52:21 +0000"
    },
    "done": true
  },
  "minecraft:recipes/transportation/mangrove_boat": {
    "criteria": {
      "in_water": "2025-04-12 14:52:21 +0000"
    },
    "done": true
  },
  "smallships:recipes/transportation/cherry_drakkar": {
    "criteria": {
      "in_water": "2025-04-12 14:52:21 +0000"
    },
    "done": true
  },
  "smallships:recipes/transportation/dark_oak_drakkar": {
    "criteria": {
      "in_water": "2025-04-12 14:52:21 +0000"
    },
    "done": true
  },
  "twilightforest:recipes/transportation/canopy_boat": {
    "criteria": {
      "in_water": "2025-04-12 14:52:21 +0000"
    },
    "done": true
  },
  "smallships:recipes/transportation/jungle_drakkar": {
    "criteria": {
      "in_water": "2025-04-12 14:52:21 +0000"
    },
    "done": true
  },
  "twilightforest:recipes/transportation/dark_boat": {
    "criteria": {
      "in_water": "2025-04-12 14:52:21 +0000"
    },
    "done": true
  },
  "smallships:recipes/transportation/birch_brigg": {
    "criteria": {
      "in_water": "2025-04-12 14:52:21 +0000"
    },
    "done": true
  },
  "smallships:recipes/transportation/acacia_drakkar": {
    "criteria": {
      "in_water": "2025-04-12 14:52:21 +0000"
    },
    "done": true
  },
  "smallships:recipes/transportation/cherry_galley": {
    "criteria": {
      "in_water": "2025-04-12 14:52:21 +0000"
    },
    "done": true
  },
  "smallships:recipes/transportation/cherry_brigg": {
    "criteria": {
      "in_water": "2025-04-12 14:52:21 +0000"
    },
    "done": true
  },
  "smallships:recipes/transportation/spruce_brigg": {
    "criteria": {
      "in_water": "2025-04-12 14:52:21 +0000"
    },
    "done": true
  },
  "twilightforest:recipes/transportation/sorting_boat": {
    "criteria": {
      "in_water": "2025-04-12 14:52:21 +0000"
    },
    "done": true
  },
  "smallships:recipes/transportation/bamboo_drakkar": {
    "criteria": {
      "in_water": "2025-04-12 14:52:21 +0000"
    },
    "done": true
  },
  "smallships:recipes/transportation/mangrove_cog": {
    "criteria": {
      "in_water": "2025-04-12 14:52:21 +0000"
    },
    "done": true
  },
  "smallships:recipes/transportation/cherry_cog": {
    "criteria": {
      "in_water": "2025-04-12 14:52:21 +0000"
    },
    "done": true
  },
  "minecraft:recipes/transportation/dark_oak_boat": {
    "criteria": {
      "in_water": "2025-04-12 14:52:21 +0000"
    },
    "done": true
  },
  "twilightforest:recipes/decorations/wood/canopy_sign": {
    "criteria": {
      "has_item": "2025-04-12 15:31:21 +0000"
    },
    "done": true
  },
  "twilightforest:recipes/decorations/wood/canopy_fence": {
    "criteria": {
      "has_item": "2025-04-12 15:31:21 +0000"
    },
    "done": true
  },
  "supplementaries:recipes/decorations/twilightforest/sign_post_canopy": {
    "criteria": {
      "has_item": "2025-04-12 15:31:21 +0000"
    },
    "done": true
  },
  "twilightforest:recipes/decorations/wood/canopy_chest": {
    "criteria": {
      "has_item": "2025-04-12 15:31:21 +0000"
    },
    "done": true
  },
  "twilightforest:recipes/redstone/wood/canopy_button": {
    "criteria": {
      "has_item": "2025-04-12 15:31:21 +0000"
    },
    "done": true
  },
  "twilightforest:recipes/redstone/wood/canopy_plate": {
    "criteria": {
      "has_item": "2025-04-12 15:31:21 +0000"
    },
    "done": true
  },
  "twilightforest:recipes/building_blocks/wood/canopy_slab": {
    "criteria": {
      "has_item": "2025-04-12 15:31:21 +0000"
    },
    "done": true
  },
  "twilightforest:recipes/redstone/wood/canopy_gate": {
    "criteria": {
      "has_item": "2025-04-12 15:31:21 +0000"
    },
    "done": true
  },
  "twilightforest:recipes/building_blocks/canopy_bookshelf": {
    "criteria": {
      "has_item": "2025-04-12 15:31:21 +0000"
    },
    "done": true
  },
  "twilightforest:recipes/building_blocks/wood/canopy_stairs": {
    "criteria": {
      "has_item": "2025-04-12 15:31:21 +0000"
    },
    "done": true
  },
  "twilightforest:recipes/redstone/wood/canopy_door": {
    "criteria": {
      "has_item": "2025-04-12 15:31:21 +0000"
    },
    "done": true
  },
  "twilightforest:recipes/redstone/wood/canopy_trapdoor": {
    "criteria": {
      "has_item": "2025-04-12 15:31:21 +0000"
    },
    "done": true
  },
  "twilightforest:recipes/building_blocks/empty_canopy_bookshelf": {
    "criteria": {
      "has_item": "2025-04-12 15:31:27 +0000"
    },
    "done": true
  },
  "twilightforest:recipes/decorations/wood/canopy_banister": {
    "criteria": {
      "has_item": "2025-04-12 15:31:27 +0000"
    },
    "done": true
  },
  "comforts:sleeping_bag_white": {
    "criteria": {
      "has_white_wool": "2025-04-12 15:34:50 +0000"
    },
    "done": true
  },
  "minecraft:recipes/decorations/white_bed": {
    "criteria": {
      "has_white_wool": "2025-04-12 15:34:50 +0000"
    },
    "done": true
  },
  "supplementaries:recipes/flags/flag_white": {
    "criteria": {
      "has_white_wool": "2025-04-12 15:34:50 +0000"
    },
    "done": true
  },
  "minecraft:recipes/decorations/white_carpet": {
    "criteria": {
      "has_white_wool": "2025-04-12 15:34:50 +0000"
    },
    "done": true
  },
  "minecraft:recipes/decorations/white_banner": {
    "criteria": {
      "has_white_wool": "2025-04-12 15:34:50 +0000"
    },
    "done": true
  },
  "comforts:hammock_white": {
    "criteria": {
      "has_white_wool": "2025-04-12 15:34:50 +0000"
    },
    "done": true
  },
  "farmersdelight:recipes/cooking/stuffed_pumpkin_block": {
    "criteria": {
      "has_pumpkin": "2025-04-12 15:45:29 +0000"
    },
    "done": true
  },
  "minecraft:recipes/food/pumpkin_pie": {
    "criteria": {
      "has_pumpkin": "2025-04-12 15:45:29 +0000"
    },
    "done": true
  },
  "minecraft:recipes/misc/pumpkin_seeds": {
    "criteria": {
      "has_pumpkin": "2025-04-12 15:45:29 +0000"
    },
    "done": true
  },
  "farmersdelight:recipes/cooking/pumpkin_soup": {
    "criteria": {
      "has_any_ingredient": "2025-04-12 15:45:29 +0000"
    },
    "done": true
  },
  "securitycraft:recipes/decorations/display_case": {
    "criteria": {
      "has_item_frame": "2025-04-12 15:49:06 +0000"
    },
    "done": true
  },
  "minecraft:recipes/decorations/glow_item_frame": {
    "criteria": {
      "has_item_frame": "2025-04-12 15:49:06 +0000"
    },
    "done": true
  },
  "iceandfire:recipes/misc/dragon_meal": {
    "criteria": {
      "has_item": "2025-04-12 15:49:12 +0000"
    },
    "done": true
  },
  "minecraft:husbandry/root": {
    "criteria": {
      "consumed_item": "2025-04-12 15:49:49 +0000"
    },
    "done": true
  },
  "minecraft:husbandry/balanced_diet": {
    "criteria": {
      "cooked_beef": "2025-04-12 15:49:49 +0000"
    },
    "done": false
  },
  "brewinandchewin:recipes/fermenting/jerky": {
    "criteria": {
      "has_raw_meat": "2025-04-12 15:51:50 +0000"
    },
    "done": true
  },
  "farmersdelight:recipes/cooking/dog_food": {
    "criteria": {
      "has_any_ingredient": "2025-04-12 15:51:50 +0000"
    },
    "done": true
  },
  "farmersdelight:recipes/building_blocks/organic_compost_from_rotten_flesh": {
    "criteria": {
      "has_rotten_flesh": "2025-04-12 15:51:50 +0000"
    },
    "done": true
  },
  "supplementaries:recipes/blackstone_tile_slab": {
    "criteria": {
      "has_blackstone_tile": "2025-04-13 15:54:01 +0000"
    },
    "done": true
  },
  "supplementaries:recipes/stonecutting/blackstone_tile_wall_from_bricks": {
    "criteria": {
      "has_blackstone_tile": "2025-04-13 15:54:01 +0000"
    },
    "done": true
  },
  "supplementaries:recipes/blackstone_tile_stairs": {
    "criteria": {
      "has_blackstone_tile": "2025-04-13 15:54:01 +0000"
    },
    "done": true
  },
  "supplementaries:recipes/blackstone_tile_wall": {
    "criteria": {
      "has_blackstone_tile": "2025-04-13 15:54:01 +0000"
    },
    "done": true
  },
  "supplementaries:recipes/stonecutting/blackstone_tile_slab": {
    "criteria": {
      "has_blackstone_tile": "2025-04-13 15:54:01 +0000"
    },
    "done": true
  },
  "supplementaries:recipes/stonecutting/blackstone_tile_stairs_from_bricks": {
    "criteria": {
      "has_blackstone_tile": "2025-04-13 15:54:01 +0000"
    },
    "done": true
  },
  "brewinandchewin:main/place_temperature_block_near_keg": {
    "criteria": {
      "updated_freeze_source_near_keg": "2025-04-14 10:55:21 +0000"
    },
    "done": true
  },
  "farmersdelight:recipes/food/carrot_from_crate": {
    "criteria": {
      "has_carrot_crate": "2025-04-14 11:41:13 +0000"
    },
    "done": true
  },
  "iceandfire:iceandfire/kill_troll": {
    "criteria": {
      "killed_fire_dragon": "2025-04-14 11:49:32 +0000"
    },
    "done": true
  },
  "securitycraft:recipes/tools/codebreaker": {
    "criteria": {
      "has_nether_star": "2025-04-14 11:53:40 +0000"
    },
    "done": true
  },
  "minecraft:recipes/misc/beacon": {
    "criteria": {
      "has_nether_star": "2025-04-14 11:53:40 +0000"
    },
    "done": true
  },
  "incendium:technical/sentrys_wrath": {
    "criteria": {
      "log_spam_fixer": "2025-04-14 14:09:47 +0000"
    },
    "done": false
  },
  "incendium:technical/on_player_hurt": {
    "criteria": {
      "log_spam_fixer": "2025-04-14 14:09:47 +0000"
    },
    "done": false
  },
  "incendium:technical/on_kill": {
    "criteria": {
      "log_spam_fixer": "2025-04-14 14:09:47 +0000"
    },
    "done": false
  },
  "incendium:technical/on_inventory_change": {
    "criteria": {
      "log_spam_fixer": "2025-04-14 14:09:47 +0000"
    },
    "done": false
  },
  "incendium:technical/holy_wrath": {
    "criteria": {
      "log_spam_fixer": "2025-04-14 14:09:47 +0000"
    },
    "done": false
  },
  "incendium:technical/on_block": {
    "criteria": {
      "log_spam_fixer": "2025-04-14 14:09:47 +0000"
    },
    "done": false
  },
  "incendium:technical/inventory/sentrys_wrath": {
    "criteria": {
      "log_spam_fixer": "2025-04-14 14:09:47 +0000"
    },
    "done": false
  },
  "incendium:technical/feed_ghastling": {
    "criteria": {
      "log_spam_fixer": "2025-04-14 14:09:47 +0000"
    },
    "done": false
  },
  "incendium:technical/firestorm": {
    "criteria": {
      "log_spam_fixer": "2025-04-14 14:09:47 +0000"
    },
    "done": false
  },
  "incendium:technical/inventory/firestorm": {
    "criteria": {
      "log_spam_fixer": "2025-04-14 14:09:47 +0000"
    },
    "done": false
  },
  "incendium:technical/give_ghastling": {
    "criteria": {
      "log_spam_fixer": "2025-04-14 14:09:47 +0000"
    },
    "done": false
  },
  "incendium:technical/multiplex_crossbow": {
    "criteria": {
      "log_spam_fixer": "2025-04-14 14:09:47 +0000"
    },
    "done": false
  },
  "deeperdarker:recipes/building_blocks/polished_gloomslate_slab": {
    "criteria": {
      "has_polished_gloomslate": "2025-04-14 13:47:38 +0000"
    },
    "done": true
  },
  "minecraft:recipes/combat/netherite_chestplate_smithing": {
    "criteria": {
      "has_netherite_ingot": "2025-04-14 13:55:16 +0000"
    },
    "done": true
  },
  "minecraft:recipes/combat/diamond_sword": {
    "criteria": {
      "has_diamond": "2025-04-14 13:51:28 +0000"
    },
    "done": true
  },
  "minecraft:recipes/decorations/jukebox": {
    "criteria": {
      "has_diamond": "2025-04-14 13:51:28 +0000"
    },
    "done": true
  },
  "minecraft:recipes/combat/diamond_chestplate": {
    "criteria": {
      "has_diamond": "2025-04-14 13:51:28 +0000"
    },
    "done": true
  },
  "deeperdarker:recipes/building_blocks/gloomslate_bricks": {
    "criteria": {
      "has_polished_gloomslate": "2025-04-14 13:47:38 +0000"
    },
    "done": true
  },
  "deeperdarker:recipes/building_blocks/gloomslate_tile_wall_from_polished_gloomslate_stonecutting": {
    "criteria": {
      "has_polished_gloomslate": "2025-04-14 13:47:38 +0000"
    },
    "done": true
  },
  "minecraft:recipes/tools/diamond_pickaxe": {
    "criteria": {
      "has_diamond": "2025-04-14 13:51:28 +0000"
    },
    "done": true
  },
  "deeperdarker:recipes/building_blocks/polished_gloomslate_stairs_from_polished_gloomslate_stonecutting": {
    "criteria": {
      "has_polished_gloomslate": "2025-04-14 13:47:38 +0000"
    },
    "done": true
  },
  "minecraft:recipes/redstone/tripwire_hook": {
    "criteria": {
      "has_string": "2025-04-14 14:02:49 +0000"
    },
    "done": true
  },
  "deeperdarker:recipes/building_blocks/gloomslate_tile_stairs_from_polished_gloomslate_stonecutting": {
    "criteria": {
      "has_polished_gloomslate": "2025-04-14 13:47:38 +0000"
    },
    "done": true
  },
  "minecraft:recipes/decorations/candle": {
    "criteria": {
      "has_string": "2025-04-14 14:02:49 +0000"
    },
    "done": true
  },
  "deeperdarker:recipes/building_blocks/gloomslate_brick_stairs_from_polished_gloomslate_stonecutting": {
    "criteria": {
      "has_polished_gloomslate": "2025-04-14 13:47:38 +0000"
    },
    "done": true
  },
  "minecraft:recipes/tools/diamond_hoe": {
    "criteria": {
      "has_diamond": "2025-04-14 13:51:28 +0000"
    },
    "done": true
  },
  "minecraft:recipes/tools/diamond_shovel": {
    "criteria": {
      "has_diamond": "2025-04-14 13:51:28 +0000"
    },
    "done": true
  },
  "minecraft:recipes/combat/netherite_helmet_smithing": {
    "criteria": {
      "has_netherite_ingot": "2025-04-14 13:55:16 +0000"
    },
    "done": true
  },
  "minecraft:story/lava_bucket": {
    "criteria": {
      "lava_bucket": "2025-04-14 13:19:14 +0000"
    },
    "done": true
  },
  "farmersdelight:recipes/combat/netherite_knife_smithing": {
    "criteria": {
      "has_netherite_ingot": "2025-04-14 13:55:16 +0000"
    },
    "done": true
  },
  "minecraft:recipes/combat/netherite_boots_smithing": {
    "criteria": {
      "has_netherite_ingot": "2025-04-14 13:55:16 +0000"
    },
    "done": true
  },
  "deeperdarker:recipes/building_blocks/gloomslate_bricks_from_polished_gloomslate_stonecutting": {
    "criteria": {
      "has_polished_gloomslate": "2025-04-14 13:47:38 +0000"
    },
    "done": true
  },
  "minecraft:recipes/combat/diamond_helmet": {
    "criteria": {
      "has_diamond": "2025-04-14 13:51:28 +0000"
    },
    "done": true
  },
  "supplementaries:recipes/slingshot": {
    "criteria": {
      "has_string": "2025-04-14 14:02:49 +0000"
    },
    "done": true
  },
  "minecraft:recipes/tools/netherite_axe_smithing": {
    "criteria": {
      "has_netherite_ingot": "2025-04-14 13:55:16 +0000"
    },
    "done": true
  },
  "deeperdarker:recipes/building_blocks/polished_gloomslate_slab_from_polished_gloomslate_stonecutting": {
    "criteria": {
      "has_polished_gloomslate": "2025-04-14 13:47:38 +0000"
    },
    "done": true
  },
  "minecraft:recipes/building_blocks/diamond_block": {
    "criteria": {
      "has_diamond": "2025-04-14 13:51:28 +0000"
    },
    "done": true
  },
  "supplementaries:recipes/safe": {
    "criteria": {
      "has_netherite_ingot": "2025-04-14 13:55:16 +0000"
    },
    "done": true
  },
  "supplementaries:recipes/sack": {
    "criteria": {
      "has_string": "2025-04-14 14:02:49 +0000"
    },
    "done": true
  },
  "minecraft:story/mine_diamond": {
    "criteria": {
      "diamond": "2025-04-14 13:51:28 +0000"
    },
    "done": true
  },
  "farmersdelight:recipes/food/rice_from_bag": {
    "criteria": {
      "has_rice_bag": "2025-04-14 13:45:50 +0000"
    },
    "done": true
  },
  "deeperdarker:recipes/building_blocks/polished_gloomslate_stairs": {
    "criteria": {
      "has_polished_gloomslate": "2025-04-14 13:47:38 +0000"
    },
    "done": true
  },
  "farmersdelight:recipes/combat/diamond_knife": {
    "criteria": {
      "has_diamond": "2025-04-14 13:51:28 +0000"
    },
    "done": true
  },
  "minecraft:recipes/combat/diamond_leggings": {
    "criteria": {
      "has_diamond": "2025-04-14 13:51:28 +0000"
    },
    "done": true
  },
  "deeperdarker:recipes/building_blocks/gloomslate_tiles_from_polished_gloomslate_stonecutting": {
    "criteria": {
      "has_polished_gloomslate": "2025-04-14 13:47:38 +0000"
    },
    "done": true
  },
  "deeperdarker:recipes/building_blocks/gloomslate_tile_slab_from_polished_gloomslate_stonecutting": {
    "criteria": {
      "has_polished_gloomslate": "2025-04-14 13:47:38 +0000"
    },
    "done": true
  },
  "minecraft:recipes/combat/netherite_sword_smithing": {
    "criteria": {
      "has_netherite_ingot": "2025-04-14 13:55:16 +0000"
    },
    "done": true
  },
  "minecraft:recipes/combat/bow": {
    "criteria": {
      "has_string": "2025-04-14 14:02:49 +0000"
    },
    "done": true
  },
  "minecraft:recipes/combat/netherite_leggings_smithing": {
    "criteria": {
      "has_netherite_ingot": "2025-04-14 13:55:16 +0000"
    },
    "done": true
  },
  "minecraft:recipes/tools/fishing_rod": {
    "criteria": {
      "has_string": "2025-04-14 14:02:49 +0000"
    },
    "done": true
  },
  "minecraft:recipes/tools/netherite_hoe_smithing": {
    "criteria": {
      "has_netherite_ingot": "2025-04-14 13:55:16 +0000"
    },
    "done": true
  },
  "deeperdarker:recipes/building_blocks/gloomslate_brick_slab_from_polished_gloomslate_stonecutting": {
    "criteria": {
      "has_polished_gloomslate": "2025-04-14 13:47:38 +0000"
    },
    "done": true
  },
  "deeperdarker:recipes/building_blocks/polished_gloomslate_wall": {
    "criteria": {
      "has_polished_gloomslate": "2025-04-14 13:47:38 +0000"
    },
    "done": true
  },
  "minecraft:recipes/decorations/lodestone": {
    "criteria": {
      "has_netherite_ingot": "2025-04-14 13:55:16 +0000"
    },
    "done": true
  },
  "minecraft:recipes/combat/diamond_boots": {
    "criteria": {
      "has_diamond": "2025-04-14 13:51:28 +0000"
    },
    "done": true
  },
  "minecraft:recipes/building_blocks/netherite_block": {
    "criteria": {
      "has_netherite_ingot": "2025-04-14 13:55:16 +0000"
    },
    "done": true
  },
  "minecraft:recipes/tools/netherite_shovel_smithing": {
    "criteria": {
      "has_netherite_ingot": "2025-04-14 13:55:16 +0000"
    },
    "done": true
  },
  "deeperdarker:recipes/building_blocks/polished_gloomslate_wall_from_polished_gloomslate_stonecutting": {
    "criteria": {
      "has_polished_gloomslate": "2025-04-14 13:47:38 +0000"
    },
    "done": true
  },
  "farmersdelight:recipes/misc/straw": {
    "criteria": {
      "has_straw_bale": "2025-04-14 13:45:11 +0000"
    },
    "done": true
  },
  "minecraft:recipes/building_blocks/white_wool_from_string": {
    "criteria": {
      "has_string": "2025-04-14 14:02:49 +0000"
    },
    "done": true
  },
  "deeperdarker:recipes/building_blocks/gloomslate_brick_wall_from_polished_gloomslate_stonecutting": {
    "criteria": {
      "has_polished_gloomslate": "2025-04-14 13:47:38 +0000"
    },
    "done": true
  },
  "minecraft:recipes/tools/netherite_pickaxe_smithing": {
    "criteria": {
      "has_netherite_ingot": "2025-04-14 13:55:16 +0000"
    },
    "done": true
  },
  "minecraft:recipes/decorations/loom": {
    "criteria": {
      "has_string": "2025-04-14 14:02:49 +0000"
    },
    "done": true
  },
  "minecraft:recipes/tools/diamond_axe": {
    "criteria": {
      "has_diamond": "2025-04-14 13:51:28 +0000"
    },
    "done": true
  },
  "DataVersion": 3465
}